{"type":"FeatureCollection","features":[{"type":"Feature","id":1143780,"properties":{"id":"1143780","name":"Назаровский муниципальный округ"},"geometry":{"type":"MultiPolygon","coordinates":[[[[90.6326,55.5219],[90.6349,55.5748],[90.6533,55.5774],[90.6502,55.5855],[90.4942,55.6418],[90.4472,55.6356],[90.4525,55.622],[90.4437,55.6196],[90.3938,55.6204],[90.3549,55.5636],[90.2791,55.5747],[90.2946,55.5838],[90.2849,55.6015],[90.2682,55.6004],[90.1739,55.6581],[90.0871,55.6448],[89.9939,55.6461],[89.9538,55.6698],[89.7881,55.6577],[89.7887,55.6182],[89.6791,55.6035],[89.6399,55.6296],[89.6376,55.6449],[89.723,55.6898],[89.6619,55.7196],[89.7225,55.7256],[89.6798,55.7254],[89.671,55.7523],[89.84,55.747],[89.8303,55.7621],[89.8542,55.7704],[89.8453,55.7873],[89.8002,55.7887],[89.8137,55.8332],[89.7794,55.8359],[89.7846,55.855],[89.7021,55.8524],[89.671,55.8779],[89.6652,55.8941],[89.6845,55.9289],[89.6218,55.9174],[89.6061,55.9395],[89.609,55.9775],[89.5989,55.9871],[89.6233,55.993],[89.6061,56.0098],[89.6125,56.0232],[89.6336,56.0112],[89.6813,56.0244],[89.7089,56.0649],[89.7574,56.079],[89.7818,56.0637],[89.7983,56.0738],[89.8308,56.0598],[89.8383,56.0784],[89.9345,56.0789],[89.972,56.1038],[90.0032,56.1083],[90.1658,56.0853],[90.1722,56.0677],[90.185,56.082],[90.232,56.0673],[90.2954,56.0737],[90.3674,56.0617],[90.4068,56.077],[90.4159,56.0974],[90.4544,56.0951],[90.4696,56.1176],[90.5343,56.1078],[90.532,56.0786],[90.5768,56.0765],[90.5875,56.0562],[90.5746,56.03],[90.6101,56.0376],[90.602,56.0254],[90.6244,56.0123],[90.6388,56.0154],[90.6289,56.0281],[90.741,56.0228],[90.8088,56.0352],[90.8206,56.0237],[90.8314,56.0405],[90.8509,56.0251],[90.8499,56.035],[90.8693,56.0402],[90.8717,56.0287],[90.8909,56.0338],[90.8824,56.0263],[90.8978,56.0221],[90.8849,56.0155],[90.8914,56.0067],[90.9205,56.0174],[90.923,56.0007],[90.9452,56.0054],[90.9498,56.0194],[90.9617,56.0098],[90.9831,56.0162],[91.025,55.9894],[91.0144,55.9823],[91.0194,55.9711],[91.0781,55.9571],[91.0401,55.9512],[91.0583,55.9469],[91.0636,55.9318],[91.0444,55.9213],[91.0611,55.911],[91.0504,55.8916],[91.0645,55.8805],[91.0463,55.8783],[91.0756,55.8569],[91.0657,55.8535],[91.0688,55.8195],[91.0427,55.8031],[91.0674,55.7929],[91.0528,55.7855],[91.0422,55.7538],[91.013,55.7574],[90.9891,55.7425],[91.0345,55.7446],[91.053,55.7282],[91.0722,55.691],[91.0242,55.6697],[91.0667,55.654],[91.0423,55.6252],[91.0634,55.6142],[90.9926,55.5927],[90.9367,55.5929],[90.9362,55.5598],[90.8617,55.5531],[90.8781,55.5295],[90.7762,55.5372],[90.7473,55.5066],[90.6699,55.4906],[90.6457,55.4982],[90.6326,55.5219]]]]}},{"type":"Feature","id":1147807,"properties":{"id":"1147807","name":"Ужурский муниципальный округ"},"geometry":{"type":"MultiPolygon","coordinates":[[[[90.0871,55.6448],[89.9939,55.6461],[89.9538,55.6698],[89.7881,55.6577],[89.7887,55.6182],[89.6791,55.6035],[89.6267,55.6325],[89.577,55.6109],[89.6522,55.519],[89.6404,55.5239],[89.646,55.4966],[89.6306,55.4838],[89.6336,55.4713],[89.5777,55.4425],[89.4963,55.447],[89.4606,55.4409],[89.461,55.4235],[89.4504,55.4203],[89.3517,55.4076],[89.3773,55.3918],[89.3927,55.3496],[89.4126,55.3445],[89.4775,55.4077],[89.5335,55.4071],[89.5318,55.3661],[89.5676,55.3618],[89.5773,55.3362],[89.5669,55.2929],[89.583,55.2284],[89.4841,55.225],[89.4837,55.2096],[89.5376,55.1499],[89.5637,55.1497],[89.5592,55.1217],[89.5971,55.068],[89.6614,55.0744],[89.6277,55.064],[89.6159,55.036],[89.6304,55.0313],[89.6073,55.0282],[89.6661,55.0003],[89.7309,55.0448],[89.7245,55.0685],[89.8816,55.0823],[89.8926,55.1008],[89.9055,55.0951],[89.987,55.1217],[90.1137,55.1073],[90.1329,55.1312],[90.1263,55.1535],[90.2169,55.1536],[90.2161,55.1316],[90.2496,55.1121],[90.2464,55.0763],[90.3569,55.0658],[90.3644,55.0761],[90.4107,55.0759],[90.4116,55.0647],[90.4398,55.0607],[90.5409,55.1016],[90.6007,55.1019],[90.6306,55.1308],[90.6951,55.1451],[90.6846,55.2125],[90.7318,55.2229],[90.6988,55.2968],[90.7072,55.3065],[90.6909,55.3177],[90.692,55.3427],[90.6516,55.3334],[90.5959,55.3525],[90.5882,55.3837],[90.7107,55.4353],[90.7424,55.4798],[90.7226,55.4905],[90.7473,55.5066],[90.6699,55.4906],[90.6457,55.4982],[90.6285,55.5339],[90.6383,55.5429],[90.6349,55.5748],[90.6533,55.5774],[90.6502,55.5855],[90.631,55.584],[90.5117,55.6397],[90.4472,55.6356],[90.4525,55.622],[90.4415,55.6192],[90.3938,55.6204],[90.3549,55.5636],[90.2791,55.5747],[90.2946,55.5838],[90.2849,55.6015],[90.2682,55.6004],[90.1739,55.6581],[90.0871,55.6448]]]]}},{"type":"Feature","id":1147813,"properties":{"id":"1147813","name":"Шарыповский муниципальный округ"},"geometry":{"type":"MultiPolygon","coordinates":[[[[89.7225,55.7256],[89.6798,55.7254],[89.671,55.7523],[89.84,55.747],[89.8303,55.7621],[89.8534,55.773],[89.8453,55.7873],[89.8002,55.7887],[89.8137,55.8332],[89.7794,55.8359],[89.7846,55.855],[89.7021,55.8524],[89.671,55.8779],[89.6652,55.8941],[89.6845,55.9289],[89.6218,55.9174],[89.6061,55.9395],[89.609,55.9775],[89.5989,55.9871],[89.6233,55.993],[89.588,56.0098],[89.5954,56.0233],[89.5404,56.0058],[89.5184,55.9852],[89.4717,55.9887],[89.4245,55.9583],[89.2723,55.9411],[89.2629,55.933],[89.2851,55.9138],[89.2761,55.8923],[89.3051,55.8968],[89.3237,55.8861],[89.3359,55.895],[89.3358,55.8836],[89.402,55.8685],[89.3889,55.8584],[89.4006,55.8531],[89.3869,55.8524],[89.3999,55.8402],[89.3481,55.8309],[89.3513,55.822],[89.3334,55.812],[89.3306,55.7762],[89.3506,55.7712],[89.2793,55.7616],[89.2333,55.7352],[89.1812,55.7345],[89.1776,55.7216],[89.1662,55.7272],[89.1451,55.7117],[89.1387,55.6936],[89.0507,55.6935],[89.0247,55.6729],[88.9937,55.68],[88.9475,55.6584],[88.9136,55.6602],[88.8918,55.6299],[88.8533,55.6216],[88.8206,55.5909],[88.7799,55.5812],[88.7575,55.5581],[88.7314,55.5525],[88.7346,55.5436],[88.671,55.5177],[88.6531,55.4993],[88.6603,55.4816],[88.6114,55.4558],[88.598,55.4312],[88.7325,55.4324],[88.749,55.3952],[88.7921,55.4096],[88.8023,55.3968],[88.8709,55.3936],[88.871,55.3682],[88.9004,55.3404],[88.9682,55.3435],[88.9706,55.33],[89.0114,55.3237],[89.0099,55.2337],[89.1159,55.1801],[89.0922,55.1661],[89.0641,55.12],[89.1704,55.1247],[89.2411,55.1119],[89.2728,55.095],[89.2782,55.0421],[89.372,55.0426],[89.382,55.0229],[89.4538,55.0127],[89.437,55.0239],[89.4304,55.0625],[89.5401,55.0686],[89.5622,55.0885],[89.5803,55.0879],[89.5592,55.1217],[89.5637,55.1497],[89.5376,55.1499],[89.4837,55.2096],[89.4841,55.225],[89.583,55.2284],[89.5669,55.2929],[89.5773,55.3362],[89.5676,55.3618],[89.5318,55.3661],[89.5335,55.4071],[89.4719,55.4052],[89.4126,55.3445],[89.3927,55.3496],[89.3773,55.3918],[89.3517,55.4076],[89.4504,55.4203],[89.461,55.4235],[89.4606,55.4409],[89.4963,55.447],[89.5777,55.4425],[89.6336,55.4713],[89.6306,55.4838],[89.646,55.4966],[89.6404,55.5239],[89.6522,55.519],[89.577,55.6109],[89.6399,55.6296],[89.6376,55.6449],[89.6564,55.646],[89.6544,55.6574],[89.7206,55.6834],[89.702,55.7089],[89.6679,55.7085],[89.6619,55.7196],[89.7225,55.7256]]]]}},{"type":"Feature","id":1147949,"properties":{"id":"1147949","name":"Балахтинско-Новосёловский муниципальный округ"},"geometry":{"type":"MultiPolygon","coordinates":[[[[91.2349,55.6217],[91.1934,55.6319],[91.1254,55.6126],[91.0663,55.6171],[90.9926,55.5927],[90.9367,55.5929],[90.9362,55.5598],[90.8617,55.5531],[90.8781,55.5295],[90.7762,55.5372],[90.7226,55.4905],[90.7424,55.4798],[90.7107,55.4353],[90.5882,55.3837],[90.5959,55.3525],[90.6516,55.3334],[90.692,55.3427],[90.6909,55.3177],[90.7072,55.3065],[90.6988,55.2968],[90.7318,55.2229],[90.6846,55.2125],[90.6954,55.1456],[90.6306,55.1308],[90.6007,55.1019],[90.5409,55.1016],[90.4634,55.0722],[90.4992,55.0609],[90.5269,55.0237],[90.5298,54.9898],[90.5063,54.907],[90.7792,54.9121],[90.7805,54.8713],[90.9457,54.8481],[90.9445,54.7799],[90.9141,54.706],[90.9188,54.6536],[90.9519,54.6337],[91.0158,54.6136],[91.0156,54.6247],[90.9699,54.6386],[91.0623,54.6855],[91.1107,54.6761],[91.1302,54.658],[91.3087,54.6745],[91.4351,54.6623],[91.5638,54.7479],[91.5454,54.7666],[91.5738,54.7776],[91.664,54.7757],[91.6894,54.7904],[91.6212,54.8263],[91.5949,54.8264],[91.5719,54.8526],[91.5826,54.8879],[91.6,54.8952],[91.7604,54.8719],[91.8497,54.8143],[91.87,54.8238],[91.9372,54.7914],[91.9901,54.8312],[92.0696,54.8282],[92.1757,54.7679],[92.2322,54.7645],[92.2515,54.7974],[92.2472,54.8134],[92.2695,54.8265],[92.235,54.8665],[92.28,54.8856],[92.329,54.8749],[92.3452,54.9116],[92.3695,54.9164],[92.3631,54.9306],[92.3923,54.9294],[92.4052,54.944],[92.4137,54.9324],[92.4276,54.9442],[92.4643,54.9404],[92.4542,54.9318],[92.4784,54.9317],[92.484,54.917],[92.5481,54.9152],[92.7713,54.9404],[92.8646,54.9256],[92.8582,54.9155],[92.876,54.898],[92.9205,54.8805],[93.0625,54.9163],[93.1394,54.8898],[93.1734,54.8574],[93.2211,54.8457],[93.2652,54.8528],[93.278,54.8702],[93.2822,54.8819],[93.2225,54.9071],[93.2437,54.9481],[93.2194,54.9698],[93.2298,54.9974],[93.1846,55.0092],[93.186,55.0227],[93.163,55.0361],[93.1701,55.0552],[93.1254,55.091],[93.1613,55.1187],[93.1309,55.1467],[93.1366,55.2108],[92.93,55.3106],[92.8492,55.2877],[92.8136,55.3133],[92.8231,55.3279],[92.809,55.3586],[92.829,55.3912],[92.8161,55.4509],[92.7783,55.4801],[92.7756,55.584],[92.7549,55.5851],[92.6763,55.6474],[92.6886,55.6754],[92.73,55.6889],[92.7061,55.7307],[92.5453,55.7035],[92.4678,55.7201],[92.4673,55.68],[92.3664,55.6787],[92.1593,55.6943],[91.8434,55.757],[91.9058,55.6925],[91.7885,55.7076],[91.7136,55.6849],[91.6238,55.7515],[91.5121,55.7692],[91.2593,55.7154],[91.2549,55.7024],[91.2334,55.697],[91.2355,55.6725],[91.3006,55.671],[91.3324,55.6174],[91.2902,55.6126],[91.2813,55.6307],[91.265,55.6146],[91.2349,55.6217]]]]}},{"type":"Feature","id":1149758,"properties":{"id":"1149758","name":"Боготольский муниципальный округ"},"geometry":{"type":"MultiPolygon","coordinates":[[[[89.2806,55.9425],[89.2413,55.9935],[89.2612,56.05],[89.2824,56.0566],[89.2596,56.0767],[89.2337,56.0688],[89.193,56.0808],[89.193,56.1361],[89.2016,56.1395],[89.1048,56.151],[89.0991,56.1639],[89.1274,56.1849],[89.0971,56.2015],[89.0373,56.2013],[89.0403,56.3008],[88.9009,56.3026],[88.893,56.3152],[88.9208,56.3339],[88.872,56.3541],[88.8625,56.3732],[88.6951,56.3664],[88.6965,56.4182],[88.5934,56.4307],[88.583,56.4605],[88.6092,56.4633],[88.6056,56.5312],[88.5464,56.5299],[88.5218,56.5613],[88.5009,56.6219],[88.6632,56.6198],[88.674,56.6801],[88.7185,56.6821],[88.7361,56.7147],[88.6244,56.7193],[88.6486,56.8203],[88.5966,56.802],[88.7146,57.0923],[88.6499,57.0792],[88.517,57.0904],[88.5205,57.1016],[88.5022,57.1178],[88.5495,57.1216],[88.5674,57.1349],[88.6225,57.2094],[88.7342,57.208],[88.865,57.4436],[88.8698,57.4772],[88.901,57.4361],[88.945,57.4381],[88.975,57.4846],[88.9721,57.5],[89.0375,57.5023],[89.0241,57.4741],[89.058,57.4554],[89.0658,57.4817],[89.0903,57.5026],[89.1025,57.5002],[89.0866,57.4842],[89.1605,57.4924],[89.0988,57.5172],[89.1303,57.6153],[89.2115,57.5941],[89.3552,57.6157],[89.379,57.6559],[89.364,57.6635],[89.3698,57.6793],[89.3473,57.7109],[89.3568,57.7531],[89.7441,57.8163],[89.7385,57.7862],[89.6442,57.7315],[89.665,57.6939],[89.6523,57.6773],[89.6594,57.6676],[89.6366,57.6513],[89.6439,57.6151],[89.6289,57.6064],[89.8941,57.5817],[89.9404,57.5479],[89.8448,57.4985],[89.812,57.5013],[89.757,57.4789],[89.6994,57.1655],[89.5941,57.0735],[89.5846,56.9883],[89.7435,56.9916],[89.7576,56.9764],[89.7988,56.983],[89.8171,56.9686],[89.8664,56.9671],[89.862,56.9545],[89.9234,56.9352],[89.9316,56.906],[90.0083,56.8814],[90.0005,56.875],[90.0217,56.8574],[90.0126,56.8391],[90.0459,56.8162],[90.0536,56.7877],[90.005,56.7366],[90.0229,56.7154],[89.9881,56.6917],[89.9998,56.6796],[89.9855,56.664],[89.9058,56.6479],[89.8906,56.6088],[90.0218,56.4986],[89.978,56.4931],[89.9845,56.4659],[90.0515,56.4194],[90.0598,56.3944],[90.1454,56.3947],[90.1805,56.3653],[90.1431,56.3379],[90.2105,56.262],[90.1821,56.2139],[90.2015,56.2095],[90.2078,56.1794],[90.0736,56.1513],[90.0437,56.0993],[89.974,56.1042],[89.9345,56.0789],[89.8383,56.0784],[89.8308,56.0598],[89.7983,56.0738],[89.7818,56.0637],[89.7574,56.079],[89.7089,56.0649],[89.6989,56.0398],[89.6514,56.0139],[89.6259,56.0125],[89.6175,56.0266],[89.5945,56.0066],[89.59,56.0239],[89.5404,56.0058],[89.5214,55.9861],[89.4717,55.9887],[89.4245,55.9583],[89.2806,55.9425]]]]}},{"type":"Feature","id":1149989,"properties":{"id":"1149989","name":"Ачинский муниципальный округ"},"geometry":{"type":"MultiPolygon","coordinates":[[[[90.0596,56.3949],[90.0515,56.4194],[89.9845,56.4659],[89.978,56.4931],[90.0218,56.4986],[89.8906,56.6088],[89.9058,56.6479],[89.993,56.6705],[89.9997,56.6811],[89.9881,56.6917],[90.0229,56.7154],[90.005,56.7366],[90.0368,56.7753],[90.12,56.7541],[90.1064,56.7013],[90.0738,56.6878],[90.0518,56.6574],[90.0572,56.6494],[90.0227,56.6419],[90.0881,56.5875],[90.1684,56.6334],[90.278,56.6339],[90.3057,56.7862],[90.371,56.787],[90.4197,56.8093],[90.4188,56.8384],[90.5212,56.8388],[90.5887,56.8602],[90.7055,56.8282],[90.8475,56.826],[90.8446,56.8175],[90.8833,56.7991],[90.996,56.7948],[91.1068,56.811],[91.1493,56.8058],[91.2305,56.8444],[91.2569,56.8196],[91.2581,56.797],[91.2446,56.7908],[91.2663,56.7422],[91.2436,56.7185],[91.266,56.7024],[91.2676,56.6671],[91.2851,56.6499],[91.2656,56.6253],[91.3093,56.6374],[91.3341,56.6182],[91.2857,56.595],[91.2458,56.523],[91.2473,56.4682],[91.0993,56.4566],[91.1005,56.4312],[91.1218,56.4063],[91.1418,56.4081],[91.1461,56.3595],[91.1273,56.3387],[91.0859,56.3516],[91.0407,56.3459],[91.0188,56.3185],[90.9016,56.3145],[90.9033,56.2867],[90.9613,56.2707],[90.913,56.2447],[90.9565,56.235],[90.9582,56.2108],[90.9727,56.2083],[90.9684,56.1311],[90.9866,56.1343],[90.9317,56.0996],[90.9588,56.0666],[91.0156,56.0512],[90.9975,56.0416],[91.0096,56.0367],[90.989,56.011],[90.9498,56.0194],[90.9452,56.0054],[90.9212,56.0009],[90.9205,56.0174],[90.8892,56.0081],[90.8978,56.0221],[90.8824,56.0278],[90.8909,56.0338],[90.8717,56.0287],[90.8659,56.04],[90.8458,56.0248],[90.8314,56.0405],[90.8206,56.0237],[90.8088,56.0352],[90.741,56.0228],[90.6862,56.0316],[90.641,56.0204],[90.6289,56.0281],[90.6388,56.0154],[90.6244,56.0123],[90.602,56.0254],[90.6101,56.0376],[90.5746,56.03],[90.5875,56.0562],[90.5768,56.0765],[90.532,56.0786],[90.5343,56.1078],[90.4696,56.1176],[90.4544,56.0951],[90.4159,56.0974],[90.4068,56.077],[90.3674,56.0617],[90.2954,56.0737],[90.232,56.0673],[90.185,56.082],[90.1722,56.0677],[90.1658,56.0853],[90.0448,56.1002],[90.0736,56.1513],[90.2078,56.1794],[90.2015,56.2095],[90.1821,56.2139],[90.2105,56.262],[90.1431,56.3379],[90.1805,56.3653],[90.1454,56.3947],[90.0596,56.3949]]]]}},{"type":"Feature","id":1150328,"properties":{"id":"1150328","name":"Козульский муниципальный округ"},"geometry":{"type":"MultiPolygon","coordinates":[[[[90.9866,56.1343],[90.9328,56.0905],[90.9591,56.0783],[90.9588,56.0666],[91.0129,56.0553],[90.989,56.011],[91.025,55.9894],[91.0144,55.9823],[91.0194,55.9711],[91.0791,55.9554],[91.0401,55.9512],[91.0583,55.9469],[91.0636,55.9318],[91.0444,55.9213],[91.0611,55.911],[91.0504,55.8916],[91.0645,55.8805],[91.0463,55.8783],[91.0756,55.8569],[91.0657,55.8535],[91.0688,55.8195],[91.0427,55.8031],[91.0674,55.7929],[91.0528,55.7855],[91.0422,55.7538],[91.013,55.7574],[90.9891,55.7425],[91.0454,55.7385],[91.0724,55.6931],[91.0245,55.6734],[91.0678,55.6521],[91.0451,55.6228],[91.1254,55.6126],[91.1934,55.6319],[91.265,55.6146],[91.2813,55.6307],[91.2896,55.6127],[91.3161,55.6078],[91.3324,55.6174],[91.3006,55.671],[91.2355,55.6725],[91.2334,55.697],[91.2549,55.7024],[91.2593,55.7154],[91.5121,55.7692],[91.6238,55.7515],[91.7136,55.6849],[91.7885,55.7076],[91.9058,55.6925],[91.8079,55.7936],[91.6754,55.8554],[91.6749,55.8874],[91.7258,55.8964],[91.6791,55.9524],[91.7174,55.9802],[91.7463,55.9806],[91.8504,55.9219],[91.8933,55.9206],[91.9264,55.9541],[91.8543,56.0074],[91.921,56.0384],[91.9251,56.1141],[91.9519,56.1407],[91.6781,56.154],[91.6772,56.1673],[91.7175,56.1824],[91.7081,56.2546],[91.6629,56.2451],[91.6628,56.2849],[91.6431,56.2868],[91.6402,56.3347],[91.6726,56.3668],[91.6984,56.3742],[91.7078,56.4006],[91.7352,56.407],[91.7234,56.4125],[91.7377,56.4134],[91.7306,56.42],[91.7542,56.4244],[91.7377,56.4363],[91.7659,56.4502],[91.7551,56.4628],[91.7678,56.4704],[91.752,56.4712],[91.7614,56.4791],[91.7537,56.484],[91.7681,56.4869],[91.7596,56.4902],[91.7732,56.5055],[91.8109,56.5161],[91.801,56.5325],[91.8247,56.5448],[91.8199,56.5586],[91.8448,56.5627],[91.8311,56.574],[91.8471,56.586],[91.84,56.6033],[91.8773,56.6297],[91.8688,56.6367],[91.8808,56.6392],[91.8774,56.65],[91.9313,56.6653],[91.9188,56.6786],[91.9422,56.69],[91.922,56.7211],[91.9315,56.7324],[91.9142,56.7338],[91.9252,56.7385],[91.9118,56.7472],[91.9211,56.7495],[91.8061,56.7458],[91.5738,56.7056],[91.5657,56.7211],[91.5932,56.761],[91.5395,56.8066],[91.5421,56.8486],[91.5294,56.8657],[91.4811,56.883],[91.4523,56.8791],[91.4573,56.8651],[91.4027,56.8542],[91.4116,56.8124],[91.2582,56.7602],[91.2662,56.7418],[91.2436,56.7185],[91.266,56.7024],[91.2676,56.6671],[91.2851,56.6499],[91.2656,56.6253],[91.3093,56.6374],[91.3341,56.6182],[91.2857,56.595],[91.2458,56.523],[91.2473,56.4682],[91.0993,56.4566],[91.1005,56.4312],[91.1218,56.4063],[91.1418,56.4081],[91.1461,56.3595],[91.1273,56.3387],[91.1022,56.3509],[91.0407,56.3459],[91.0228,56.3194],[90.9042,56.3158],[90.8966,56.3051],[90.9046,56.2858],[90.9613,56.2707],[90.913,56.2447],[90.9565,56.235],[90.9582,56.2108],[90.9727,56.2083],[90.9684,56.1311],[90.9866,56.1343]]]]}},{"type":"Feature","id":1152577,"properties":{"id":"1152577","name":"Курагинский муниципальный округ"},"geometry":{"type":"MultiPolygon","coordinates":[[[[95.6586,54.2663],[95.6847,54.2375],[95.7322,54.2315],[95.7464,54.2156],[95.8038,54.2285],[95.8493,54.2098],[95.8614,54.1897],[95.844,54.1799],[95.897,54.1647],[95.9156,54.1396],[95.9133,54.1166],[95.9408,54.1149],[95.9398,54.1016],[96.0107,54.0798],[96.0737,54.0813],[96.0992,54.061],[96.0607,54.0252],[96.086,54.011],[96.061,53.9963],[96.0706,53.9856],[96.1201,53.9826],[96.1259,53.9612],[96.1451,53.9595],[96.1489,53.9416],[96.1836,53.9182],[96.1734,53.9091],[96.3401,53.8373],[96.3891,53.795],[96.4006,53.759],[96.4572,53.7519],[96.4535,53.743],[96.4852,53.7301],[96.4851,53.6915],[96.5252,53.6736],[96.5731,53.6724],[96.5807,53.6616],[96.6168,53.6773],[96.6449,53.6589],[96.6471,53.6431],[96.6883,53.6463],[96.6879,53.6324],[96.706,53.6235],[96.6741,53.6042],[96.6864,53.5907],[96.6364,53.5559],[96.6165,53.5665],[96.5527,53.5443],[96.4948,53.5466],[96.448,53.5124],[96.4339,53.5411],[96.3969,53.5489],[96.3845,53.5678],[96.352,53.5704],[96.3747,53.5938],[96.2768,53.5893],[96.2793,53.6138],[96.2411,53.6195],[96.2222,53.5689],[96.2407,53.5579],[96.2321,53.5172],[96.1128,53.5126],[96.1035,53.5045],[96.1105,53.4517],[96.0332,53.457],[95.9537,53.4942],[95.9316,53.4885],[95.8857,53.5014],[95.8075,53.4913],[95.7571,53.505],[95.7322,53.5252],[95.6569,53.4864],[95.6521,53.4556],[95.5491,53.4309],[95.527,53.4375],[95.4908,53.4157],[95.4953,53.395],[95.4306,53.3973],[95.4284,53.3754],[95.4051,53.3656],[95.3755,53.3814],[95.3364,53.3765],[95.3072,53.3881],[95.2841,53.4101],[95.3097,53.4218],[95.3046,53.4449],[95.218,53.4694],[95.1151,53.3989],[95.0615,53.3945],[95.0359,53.3661],[95.0042,53.371],[94.9911,53.4003],[94.9601,53.4052],[94.9398,53.3883],[94.9257,53.4004],[94.7451,53.3796],[94.5835,53.4155],[94.5354,53.5105],[94.4801,53.5127],[94.4589,53.5308],[94.4294,53.5256],[94.343,53.4708],[94.3127,53.4725],[94.223,53.5183],[94.1606,53.5045],[94.1381,53.4711],[94.0271,53.4668],[93.9384,53.5054],[93.9149,53.5413],[93.9363,53.5586],[93.9852,53.5677],[93.9894,53.6144],[93.9008,53.6395],[93.8216,53.6857],[93.7425,53.6943],[93.6975,53.7206],[93.6608,53.7202],[93.5852,53.7489],[93.5795,53.7632],[93.6084,53.7653],[93.6266,53.7921],[93.5589,53.7967],[93.5486,53.8249],[93.5679,53.8473],[93.4801,53.8523],[93.46,53.7944],[93.4721,53.7731],[93.4247,53.7634],[93.2233,53.7858],[93.1581,53.8184],[93.1522,53.8385],[93.097,53.8491],[93.0418,53.8468],[93.0019,53.81],[92.8945,53.7922],[92.8832,53.7803],[92.8702,53.7914],[92.7241,53.7781],[92.6637,53.7913],[92.664,53.7571],[92.5629,53.7553],[92.5268,53.7398],[92.4688,53.7953],[92.4624,53.8242],[92.414,53.8435],[92.401,53.8692],[92.3856,53.8661],[92.3378,53.9051],[92.2606,53.9097],[92.1569,53.8784],[92.1377,53.8875],[92.1401,53.9069],[92.1066,53.914],[92.1811,54.0224],[92.1561,54.0277],[92.1475,54.0748],[92.2151,54.09],[92.2234,54.1106],[92.2104,54.1447],[92.2489,54.1681],[92.2761,54.1529],[92.3365,54.1677],[92.3873,54.151],[92.4519,54.1887],[92.5001,54.1673],[92.5458,54.182],[92.5443,54.2005],[92.6624,54.2442],[92.6812,54.2417],[92.6906,54.2178],[92.8166,54.2683],[92.8241,54.2897],[92.8731,54.2791],[92.8879,54.2994],[92.8675,54.3311],[92.9797,54.3418],[93.0221,54.3269],[93.0687,54.3523],[93.0801,54.3933],[93.1788,54.4267],[93.235,54.4788],[93.2302,54.5102],[93.3195,54.5508],[93.3108,54.5634],[93.3276,54.5853],[93.2596,54.6202],[93.2676,54.6499],[93.229,54.656],[93.2187,54.6701],[93.1518,54.6708],[92.9897,54.6471],[92.951,54.6712],[93.0251,54.6921],[93.0338,54.7148],[93.0166,54.7321],[93.0432,54.7632],[93.0409,54.7801],[93.0634,54.788],[93.0771,54.7798],[93.0717,54.7725],[93.1087,54.7652],[93.172,54.8006],[93.2084,54.8494],[93.2692,54.8551],[93.2822,54.8819],[93.3309,54.8623],[93.3308,54.8395],[93.4686,54.8135],[93.4832,54.7859],[93.4748,54.7628],[93.5098,54.7576],[93.5302,54.7291],[93.5692,54.7154],[93.5975,54.6837],[93.6573,54.6784],[93.6657,54.6528],[93.6287,54.6382],[93.7155,54.5939],[93.7499,54.617],[93.8107,54.6043],[93.8313,54.633],[93.8484,54.6372],[93.9563,54.6046],[93.9998,54.6365],[94.1004,54.5983],[94.1964,54.5885],[94.2668,54.5428],[94.3102,54.5391],[94.3524,54.4951],[94.351,54.4755],[94.3776,54.4715],[94.3931,54.4926],[94.4482,54.4993],[94.4828,54.5352],[94.518,54.5496],[94.5941,54.5282],[94.6132,54.5048],[94.7205,54.506],[94.7093,54.4821],[94.7343,54.4437],[94.7544,54.4434],[94.8291,54.399],[94.8795,54.3932],[94.8957,54.3696],[94.9491,54.3449],[94.9259,54.3293],[94.9377,54.3182],[95.0231,54.3119],[95.0489,54.2935],[95.0912,54.3172],[95.1654,54.3054],[95.2133,54.3342],[95.2849,54.3372],[95.3431,54.3139],[95.3805,54.3143],[95.4752,54.2549],[95.4997,54.2758],[95.533,54.2807],[95.5779,54.2347],[95.5901,54.2337],[95.6028,54.2602],[95.6292,54.2508],[95.6402,54.2667],[95.6586,54.2663]]]]}},{"type":"Feature","id":1152594,"properties":{"id":"1152594","name":"Идринско-Краснотуранский муниципальный округ"},"geometry":{"type":"MultiPolygon","coordinates":[[[[93.2135,54.4589],[93.235,54.4788],[93.2302,54.5102],[93.3195,54.5508],[93.3108,54.5634],[93.3276,54.5853],[93.2596,54.6202],[93.2676,54.6499],[93.229,54.656],[93.2187,54.6701],[93.1518,54.6708],[92.9897,54.6471],[92.951,54.6712],[93.0251,54.6921],[93.0338,54.7148],[93.0166,54.7321],[93.0432,54.7632],[93.0409,54.7801],[93.0634,54.788],[93.0771,54.7798],[93.0717,54.7725],[93.1087,54.7652],[93.172,54.8006],[93.2084,54.8494],[93.0683,54.9155],[92.9205,54.8805],[92.876,54.898],[92.8582,54.9155],[92.8646,54.9256],[92.7713,54.9404],[92.5481,54.9152],[92.484,54.917],[92.4784,54.9317],[92.4542,54.9318],[92.4643,54.9404],[92.4299,54.9442],[92.4162,54.9327],[92.4052,54.944],[92.3923,54.9294],[92.3641,54.9312],[92.3695,54.9164],[92.3452,54.9116],[92.329,54.8749],[92.28,54.8856],[92.235,54.8665],[92.2695,54.8265],[92.2472,54.8134],[92.2515,54.7974],[92.2322,54.7645],[92.1757,54.7679],[92.0696,54.8282],[91.9901,54.8312],[91.9372,54.7914],[91.87,54.8238],[91.8497,54.8143],[91.7604,54.8719],[91.6,54.8952],[91.5826,54.8879],[91.5719,54.8526],[91.5949,54.8264],[91.6212,54.8263],[91.6894,54.7904],[91.664,54.7757],[91.5738,54.7776],[91.5454,54.7666],[91.5638,54.7479],[91.4351,54.6623],[91.3087,54.6745],[91.1302,54.658],[91.1107,54.6761],[91.0623,54.6855],[90.9699,54.6386],[91.2602,54.5066],[91.2692,54.4665],[91.2464,54.4254],[91.3117,54.3513],[91.3077,54.3338],[91.3585,54.318],[91.4165,54.2796],[91.4865,54.171],[91.5772,54.087],[91.5698,54.0327],[91.5301,53.9737],[91.5361,53.9424],[91.5665,53.9347],[91.647,53.9615],[91.7495,53.9645],[91.745,54.0061],[91.7197,54.0268],[91.7435,54.0407],[91.8456,54.0231],[91.8614,54.042],[91.9864,54.0362],[91.9888,54.0103],[92.0321,53.9975],[92.0448,54.0053],[92.0749,53.996],[92.0824,54.0065],[92.1535,53.983],[92.1811,54.0224],[92.1561,54.0277],[92.1475,54.0748],[92.2151,54.09],[92.2234,54.1106],[92.2104,54.1447],[92.2489,54.1681],[92.2761,54.1529],[92.3365,54.1677],[92.3873,54.151],[92.4519,54.1887],[92.5001,54.1673],[92.5458,54.182],[92.5443,54.2005],[92.6624,54.2442],[92.6812,54.2417],[92.6906,54.2178],[92.8166,54.2683],[92.8241,54.2897],[92.8731,54.2791],[92.8879,54.2994],[92.8675,54.3311],[92.9797,54.3418],[93.0221,54.3269],[93.0687,54.3523],[93.0801,54.3933],[93.1788,54.4267],[93.2135,54.4589]]]]}},{"type":"Feature","id":1152899,"properties":{"id":"1152899","name":"Минусинский муниципальный округ"},"geometry":{"type":"MultiPolygon","coordinates":[[[[92.315,53.9005],[92.3378,53.9051],[92.3856,53.8661],[92.401,53.8692],[92.414,53.8435],[92.4624,53.8242],[92.4688,53.7953],[92.5268,53.7398],[92.4633,53.7125],[92.5095,53.6979],[92.4855,53.6576],[92.5913,53.655],[92.6302,53.6292],[92.6278,53.5916],[92.5821,53.5751],[92.5012,53.5994],[92.4638,53.5606],[92.4569,53.5241],[92.3689,53.5202],[92.3673,53.5318],[92.22,53.5005],[92.1669,53.4746],[92.1272,53.4694],[92.0918,53.5374],[91.9998,53.5122],[92.0142,53.5005],[91.9912,53.4916],[91.9331,53.4984],[91.878,53.4726],[91.8268,53.4654],[91.7339,53.5008],[91.65,53.516],[91.6251,53.5339],[91.6239,53.5764],[91.5674,53.5969],[91.56,53.6281],[91.539,53.6416],[91.5758,53.6649],[91.571,53.7055],[91.4838,53.741],[91.4505,53.7904],[91.4275,53.8578],[91.4802,53.9451],[91.5301,53.9737],[91.5361,53.9424],[91.5665,53.9347],[91.647,53.9615],[91.7495,53.9645],[91.745,54.0061],[91.7197,54.0268],[91.7435,54.0407],[91.8456,54.0231],[91.8614,54.042],[91.9864,54.0362],[91.9888,54.0103],[92.0321,53.9975],[92.0448,54.0053],[92.0749,53.996],[92.0824,54.0065],[92.1535,53.983],[92.1066,53.914],[92.1401,53.9069],[92.1473,53.8802],[92.2606,53.9097],[92.315,53.9005]]]]}},{"type":"Feature","id":1152935,"properties":{"id":"1152935","name":"Шушенский муниципальный округ"},"geometry":{"type":"MultiPolygon","coordinates":[[[[92.4114,53.5224],[92.3689,53.5202],[92.3673,53.5318],[92.1272,53.4694],[92.0918,53.5374],[91.9998,53.5122],[92.0142,53.5005],[91.9912,53.4916],[91.9331,53.4984],[91.878,53.4726],[91.8347,53.4714],[91.8326,53.4607],[91.8636,53.4569],[91.8728,53.4255],[91.9025,53.4282],[91.9048,53.403],[91.9189,53.3939],[91.9052,53.3779],[91.9237,53.3496],[91.844,53.2974],[91.8078,53.2438],[91.772,53.2261],[91.7385,53.1778],[91.5936,53.1397],[91.4983,53.1585],[91.45,53.1357],[91.4199,53.0864],[91.4457,53.0357],[91.5052,52.9937],[91.4659,52.9237],[91.4755,52.8945],[91.4263,52.884],[91.4244,52.8446],[91.3739,52.8272],[91.3123,52.7744],[91.3219,52.733],[91.2636,52.7119],[91.2628,52.6388],[91.2328,52.6383],[91.2283,52.6156],[91.1957,52.6326],[91.1186,52.6336],[90.9612,52.6003],[90.8833,52.5967],[90.7202,52.4702],[90.692,52.4361],[90.7056,52.4313],[90.7069,52.4094],[90.6884,52.3697],[90.639,52.3276],[90.5681,52.2981],[90.5589,52.2614],[90.5335,52.2338],[90.5096,52.228],[90.5136,52.2121],[90.4885,52.1956],[90.5584,52.1291],[90.633,52.0937],[90.7144,52.0903],[90.7518,52.0703],[90.7671,52.0404],[90.7601,52.0136],[90.8182,51.968],[90.8454,51.9108],[90.8374,51.904],[90.8493,51.9004],[90.9131,51.9275],[91.062,51.9456],[91.0999,51.9725],[91.0946,51.9841],[91.1258,51.9978],[91.1398,51.9864],[91.1969,52.0142],[91.2246,51.9994],[91.2637,52.0122],[91.2877,52.037],[91.317,52.0412],[91.3152,52.0902],[91.3415,52.1208],[91.3789,52.1384],[91.3813,52.16],[91.4954,52.2012],[91.5288,52.1983],[91.5319,52.2212],[91.5808,52.2449],[91.6195,52.2316],[91.6439,52.2402],[91.676,52.2181],[91.6951,52.2348],[91.7169,52.2259],[91.8054,52.2496],[91.856,52.2468],[91.9032,52.2231],[92.0937,52.2591],[92.1014,52.2688],[92.0617,52.3029],[92.0908,52.3182],[92.0727,52.3527],[92.1172,52.4061],[92.2486,52.4403],[92.2428,52.4754],[92.2024,52.5151],[92.1996,52.5542],[92.2684,52.5691],[92.3196,52.6103],[92.3751,52.6287],[92.4238,52.672],[92.444,52.7112],[92.4341,52.7396],[92.401,52.7599],[92.4005,52.7886],[92.3608,52.816],[92.2904,52.8337],[92.284,52.85],[92.185,52.8616],[92.1808,52.9217],[92.2108,52.9282],[92.2229,52.9547],[92.1509,53.0027],[92.1676,53.0112],[92.1671,53.0291],[92.0936,53.0258],[92.0444,53.0384],[92.0537,53.0583],[92.0355,53.0866],[92.0441,53.0979],[92.0165,53.1511],[92.074,53.1588],[92.0788,53.1751],[92.1619,53.1955],[92.1311,53.2026],[92.1788,53.2601],[92.1616,53.2923],[92.1397,53.3003],[92.1349,53.3269],[92.149,53.3568],[92.1935,53.3635],[92.1693,53.3658],[92.1694,53.3826],[92.1257,53.3889],[92.1522,53.3917],[92.1549,53.4279],[92.1773,53.4413],[92.2343,53.4331],[92.1883,53.4089],[92.2403,53.4161],[92.2887,53.4068],[92.2142,53.3865],[92.2481,53.3688],[92.2505,53.3554],[92.3568,53.376],[92.4097,53.3725],[92.4139,53.3852],[92.4564,53.3969],[92.4577,53.4188],[92.5175,53.4098],[92.5182,53.4314],[92.5046,53.436],[92.5058,53.4935],[92.4181,53.4932],[92.4114,53.5224]]]]}},{"type":"Feature","id":1153023,"properties":{"id":"1153023","name":"Каратузский муниципальный округ"},"geometry":{"type":"MultiPolygon","coordinates":[[[[92.5175,53.4098],[92.5703,53.4073],[92.6232,53.3572],[92.6788,53.3302],[92.7391,53.3343],[92.7388,53.3126],[92.7687,53.2844],[92.8149,53.2689],[92.8179,53.244],[92.8855,53.245],[92.8889,53.2362],[93.0156,53.255],[93.0967,53.2272],[93.1358,53.2343],[93.166,53.2641],[93.2916,53.2688],[93.2856,53.2451],[93.2963,53.2264],[93.2448,53.1749],[93.2665,53.1363],[93.2897,53.1256],[93.2017,53.0803],[93.24,53.0608],[93.2633,53.0235],[93.337,52.9719],[93.3933,52.8666],[93.373,52.8376],[93.399,52.8253],[93.5821,52.8375],[93.5844,52.877],[93.6662,52.8515],[93.8088,52.8494],[93.913,52.901],[93.9819,52.8682],[94.0628,52.8591],[94.1335,52.8237],[94.2442,52.8644],[94.3034,52.9],[94.3543,52.8957],[94.3992,52.9149],[94.451,52.9022],[94.45,52.893],[94.4932,52.8917],[94.5259,52.91],[94.5128,52.9351],[94.5254,52.9581],[94.5833,52.9965],[94.571,53.0258],[94.6005,53.0466],[94.5781,53.085],[94.5902,53.12],[94.6209,53.1264],[94.6062,53.1384],[94.6166,53.1596],[94.6024,53.1678],[94.6571,53.1872],[94.6534,53.2143],[94.6983,53.2152],[94.7161,53.2371],[94.6869,53.2576],[94.677,53.2873],[94.6063,53.2915],[94.6037,53.3115],[94.6183,53.3311],[94.7451,53.3796],[94.5835,53.4155],[94.5354,53.5105],[94.4801,53.5127],[94.4589,53.5308],[94.4294,53.5256],[94.343,53.4708],[94.3127,53.4725],[94.223,53.5183],[94.1606,53.5045],[94.1381,53.4711],[94.0271,53.4668],[93.9384,53.5054],[93.9149,53.5413],[93.9363,53.5586],[93.9852,53.5677],[93.9894,53.6144],[93.9008,53.6395],[93.8216,53.6857],[93.7471,53.6931],[93.6952,53.7214],[93.6608,53.7202],[93.5943,53.744],[93.5795,53.7632],[93.6084,53.7653],[93.6266,53.7921],[93.5589,53.7967],[93.5486,53.8249],[93.5679,53.8473],[93.4835,53.8526],[93.4676,53.8359],[93.4764,53.8254],[93.46,53.7944],[93.4729,53.7754],[93.4592,53.7677],[93.356,53.7632],[93.2725,53.7881],[93.2233,53.7858],[93.1581,53.8184],[93.1522,53.8385],[93.0418,53.8468],[93.0019,53.81],[92.8945,53.7922],[92.8832,53.7803],[92.8702,53.7914],[92.7241,53.7781],[92.6637,53.7913],[92.664,53.7571],[92.5629,53.7553],[92.4633,53.7125],[92.5095,53.6979],[92.4855,53.6576],[92.5913,53.655],[92.6302,53.6292],[92.6272,53.5912],[92.5821,53.5751],[92.5012,53.5994],[92.4638,53.5606],[92.4639,53.527],[92.4077,53.5175],[92.4181,53.4932],[92.5058,53.4935],[92.5046,53.436],[92.5182,53.4314],[92.5175,53.4098]]]]}},{"type":"Feature","id":1153029,"properties":{"id":"1153029","name":"Ермаковский муниципальный округ"},"geometry":{"type":"MultiPolygon","coordinates":[[[[92.1783,53.3561],[92.149,53.3568],[92.1349,53.3269],[92.1397,53.3003],[92.1616,53.2923],[92.1788,53.2601],[92.1311,53.2026],[92.1619,53.1955],[92.0788,53.1751],[92.074,53.1588],[92.0165,53.1511],[92.0441,53.0979],[92.0355,53.0866],[92.0537,53.0583],[92.0444,53.0384],[92.0936,53.0258],[92.1671,53.0291],[92.1676,53.0112],[92.1509,53.0027],[92.2232,52.9538],[92.2108,52.9282],[92.1827,52.9262],[92.1844,52.8623],[92.284,52.85],[92.2904,52.8337],[92.3608,52.816],[92.4005,52.7886],[92.401,52.7599],[92.4341,52.7396],[92.444,52.7112],[92.4238,52.672],[92.3751,52.6287],[92.3196,52.6103],[92.2684,52.5691],[92.1996,52.5542],[92.2024,52.5151],[92.2428,52.4754],[92.2452,52.4346],[92.1172,52.4061],[92.0727,52.3527],[92.0908,52.3182],[92.0617,52.3029],[92.1014,52.2688],[92.0902,52.2573],[91.9032,52.2231],[91.856,52.2468],[91.8054,52.2496],[91.7169,52.2259],[91.6951,52.2348],[91.676,52.2181],[91.6439,52.2402],[91.6195,52.2316],[91.5808,52.2449],[91.5319,52.2212],[91.5288,52.1983],[91.4954,52.2012],[91.3813,52.16],[91.3789,52.1384],[91.3415,52.1208],[91.3152,52.0902],[91.3151,52.0391],[91.2877,52.037],[91.2349,52.0001],[91.2036,52.0154],[91.1398,51.9864],[91.1258,51.9978],[91.0946,51.9841],[91.0999,51.9725],[91.0724,51.9519],[91.1548,51.9148],[91.1649,51.8993],[91.2327,51.8945],[91.2597,51.8766],[91.2754,51.8958],[91.4633,51.8915],[91.5333,51.9093],[91.6351,51.8794],[91.7392,51.8657],[91.8044,51.8866],[91.8393,51.8592],[91.8778,51.8675],[91.8971,51.8594],[91.9141,51.8246],[91.9389,51.8074],[92.025,51.7962],[92.0766,51.7724],[92.2552,51.8227],[92.2843,51.8091],[92.3642,51.8183],[92.4383,51.7969],[92.5296,51.7911],[92.5933,51.8135],[92.6447,51.8122],[92.6964,51.8513],[92.769,51.8555],[92.8737,51.836],[92.8906,51.8436],[92.9044,51.8797],[92.9577,51.9158],[93.0117,51.9142],[93.076,51.9359],[93.119,51.9665],[93.1465,52.0156],[93.1885,52.0354],[93.2425,52.0409],[93.2586,52.0788],[93.3309,52.1261],[93.3948,52.1272],[93.4722,52.171],[93.5464,52.1765],[93.5763,52.1669],[93.5935,52.1896],[93.6421,52.193],[93.6768,52.2124],[93.6558,52.2409],[93.6814,52.2674],[93.678,52.3073],[93.7161,52.3265],[93.7655,52.3811],[93.7536,52.4246],[93.7675,52.4514],[93.808,52.4509],[93.8324,52.4785],[93.8337,52.5042],[93.8982,52.5311],[93.9604,52.581],[93.9652,52.6018],[93.9415,52.6133],[93.9992,52.6493],[94.0956,52.6784],[94.1035,52.6882],[94.0936,52.7385],[94.1396,52.7544],[94.1319,52.7822],[94.1594,52.8132],[94.0628,52.8591],[93.9819,52.8682],[93.913,52.901],[93.8088,52.8494],[93.6662,52.8515],[93.5844,52.877],[93.5821,52.8375],[93.5282,52.8271],[93.4784,52.8383],[93.4538,52.827],[93.3786,52.8316],[93.3933,52.8666],[93.3386,52.9697],[93.2633,53.0235],[93.24,53.0608],[93.2017,53.0803],[93.2897,53.1256],[93.2665,53.1363],[93.2448,53.1749],[93.2963,53.2264],[93.2856,53.2451],[93.2916,53.2688],[93.166,53.2641],[93.1358,53.2343],[93.0967,53.2272],[93.0156,53.255],[92.8889,53.2362],[92.8855,53.245],[92.8179,53.244],[92.8149,53.2689],[92.7687,53.2844],[92.7388,53.3126],[92.7391,53.3343],[92.6788,53.3302],[92.6434,53.3444],[92.5703,53.4073],[92.4577,53.4188],[92.4564,53.3969],[92.4139,53.3852],[92.4097,53.3725],[92.3568,53.376],[92.2505,53.3554],[92.2481,53.3688],[92.2142,53.3865],[92.2887,53.4068],[92.2403,53.4161],[92.1883,53.4089],[92.2343,53.4331],[92.1773,53.4413],[92.1549,53.4279],[92.1522,53.3917],[92.1257,53.3889],[92.1703,53.3822],[92.1693,53.3658],[92.1935,53.3635],[92.1783,53.3561]]]]}},{"type":"Feature","id":1153097,"properties":{"id":"1153097","name":"городской округ Дивногорск"},"geometry":{"type":"MultiPolygon","coordinates":[[[[92.5899,55.9496],[92.6741,55.9544],[92.6792,55.9642],[92.5441,55.9628],[92.493,55.9785],[92.5255,55.9903],[92.3958,55.9964],[92.357,55.996],[92.3516,55.9802],[92.2837,55.984],[92.2794,55.9661],[92.2133,55.9691],[92.2146,55.9778],[92.1883,55.9794],[92.1892,55.9913],[92.1163,56.0004],[92.1384,56.0186],[92.0967,56.0179],[92.1094,55.9914],[92.1414,55.9915],[92.1563,55.9727],[92.2125,55.961],[92.2142,55.8733],[92.1557,55.8729],[92.1554,55.9125],[92.1088,55.9128],[92.1085,55.9221],[92.08,55.9275],[91.95,55.9293],[91.9667,55.9213],[91.9505,55.9166],[91.951,55.9014],[92.1055,55.8892],[92.1014,55.859],[92.1219,55.8335],[92.1183,55.81],[92.2269,55.8086],[92.2274,55.7856],[92.2719,55.7686],[92.2724,55.7507],[92.3415,55.7508],[92.4051,55.7146],[92.4551,55.7148],[92.4759,55.7273],[92.5453,55.7035],[92.546,55.7283],[92.482,55.7664],[92.36,55.776],[92.3731,55.8056],[92.3645,55.8238],[92.3843,55.824],[92.408,55.8481],[92.4047,55.8774],[92.3556,55.9146],[92.4196,55.9318],[92.4659,55.9132],[92.4674,55.8931],[92.4813,55.9001],[92.5363,55.8845],[92.5551,55.8898],[92.5657,55.915],[92.5474,55.9398],[92.5932,55.94],[92.5899,55.9496]]]]}},{"type":"Feature","id":1157389,"properties":{"id":"1157389","name":"Емельяновский муниципальный округ"},"geometry":{"type":"MultiPolygon","coordinates":[[[[92.746,56.1394],[92.7519,56.1094],[92.7726,56.103],[92.8053,56.1135],[92.8699,56.1095],[92.8802,56.1241],[92.9163,56.1231],[92.9214,56.1462],[93.0021,56.1368],[93.0626,56.1448],[93.0717,56.1324],[93.1556,56.1236],[93.138,56.1447],[93.1542,56.1541],[93.2434,56.1457],[93.2917,56.1755],[93.3739,56.1746],[93.4289,56.2126],[93.405,56.2715],[93.4821,56.3065],[93.56,56.3066],[93.5797,56.3237],[93.5893,56.3689],[93.6217,56.3893],[93.58,56.3767],[93.5744,56.3295],[93.5532,56.3157],[93.4901,56.318],[93.4438,56.3053],[93.4191,56.3428],[93.3688,56.3466],[93.3537,56.3421],[93.3515,56.3155],[93.0894,56.2884],[93.0905,56.3503],[93.0351,56.3575],[93.002,56.3832],[92.9439,56.3831],[92.9204,56.4054],[92.8637,56.401],[92.8464,56.4587],[92.8633,56.4684],[92.8526,56.4715],[92.8794,56.513],[92.829,56.5406],[92.7984,56.532],[92.7348,56.5575],[92.6821,56.5607],[92.6575,56.5832],[92.669,56.6012],[92.7168,56.6134],[92.723,56.6561],[92.7498,56.6638],[92.7354,56.6735],[92.7562,56.6895],[92.7163,56.7112],[92.6781,56.7027],[92.6938,56.7225],[92.6541,56.7453],[92.7024,56.7524],[92.6973,56.7673],[92.6037,56.8003],[92.5093,56.7803],[92.3061,56.7863],[92.2564,56.8123],[92.2155,56.8107],[92.1891,56.8441],[92.1468,56.8443],[92.0536,56.8881],[92.0243,56.8785],[91.9676,56.8882],[91.8823,56.9275],[91.8113,56.9175],[91.8242,56.9063],[91.8138,56.8976],[91.8341,56.8974],[91.83,56.8863],[91.8432,56.8872],[91.8347,56.8807],[91.8578,56.8658],[91.8539,56.8503],[91.8667,56.8442],[91.8539,56.8422],[91.8691,56.8368],[91.8576,56.8248],[91.8748,56.8068],[91.8676,56.7948],[91.8895,56.7874],[91.8779,56.7749],[91.8879,56.7628],[91.9211,56.7495],[91.9118,56.7472],[91.9252,56.7385],[91.9142,56.7338],[91.9315,56.7324],[91.922,56.7211],[91.9422,56.689],[91.9188,56.6786],[91.9313,56.6653],[91.8774,56.65],[91.8808,56.6392],[91.8688,56.6367],[91.8773,56.6297],[91.84,56.6033],[91.8471,56.586],[91.8311,56.574],[91.8448,56.5627],[91.8199,56.5586],[91.8247,56.5448],[91.801,56.5325],[91.8109,56.5161],[91.7732,56.5055],[91.7596,56.4902],[91.7681,56.4869],[91.7537,56.484],[91.7614,56.4791],[91.752,56.4712],[91.7678,56.4704],[91.7551,56.4628],[91.7659,56.4502],[91.7377,56.4363],[91.7542,56.4244],[91.7306,56.42],[91.7377,56.4134],[91.7234,56.4125],[91.7352,56.407],[91.7078,56.4006],[91.6984,56.3742],[91.6726,56.3668],[91.6402,56.3347],[91.6431,56.2868],[91.6628,56.2849],[91.6629,56.2451],[91.7081,56.2546],[91.7175,56.1824],[91.6772,56.1673],[91.6781,56.154],[91.9519,56.1407],[91.9251,56.1141],[91.921,56.0384],[91.8543,56.0074],[91.9264,55.9541],[91.8824,55.916],[91.8504,55.9219],[91.7463,55.9806],[91.7174,55.9802],[91.6791,55.9524],[91.7258,55.8964],[91.6749,55.8874],[91.6754,55.8554],[91.8079,55.7936],[91.8434,55.757],[92.1593,55.6943],[92.4673,55.68],[92.4633,55.7183],[92.4966,55.721],[92.4051,55.7146],[92.3415,55.7508],[92.2724,55.7507],[92.2719,55.7686],[92.2274,55.7856],[92.2269,55.8086],[92.1183,55.81],[92.1219,55.8335],[92.1014,55.859],[92.1055,55.8892],[91.951,55.9014],[91.9505,55.9166],[91.9667,55.9213],[91.95,55.9293],[92.08,55.9275],[92.1085,55.9221],[92.1088,55.9128],[92.1554,55.9125],[92.1557,55.8729],[92.2142,55.8733],[92.2125,55.961],[92.1563,55.9727],[92.1414,55.9915],[92.1094,55.9914],[92.0942,56.0091],[92.149,56.0304],[92.1859,56.0268],[92.1902,56.0458],[92.2429,56.0665],[92.2532,56.1022],[92.2641,56.1051],[92.264,56.1523],[92.3983,56.1422],[92.3406,56.1219],[92.4893,56.0976],[92.5043,56.1138],[92.4977,56.123],[92.5721,56.1278],[92.5532,56.1414],[92.5801,56.1506],[92.59,56.1294],[92.7132,56.1376],[92.7067,56.16],[92.746,56.1394]]]]}},{"type":"Feature","id":1157393,"properties":{"id":"1157393","name":"городской округ Красноярск"},"geometry":{"type":"MultiPolygon","coordinates":[[[[92.8547,56.1096],[92.7519,56.1094],[92.7508,56.1335],[92.7174,56.1602],[92.7067,56.16],[92.7132,56.1376],[92.6513,56.1298],[92.59,56.1294],[92.5801,56.1506],[92.5532,56.1414],[92.5721,56.1278],[92.4977,56.123],[92.5043,56.1138],[92.4893,56.0976],[92.3406,56.1219],[92.3983,56.1422],[92.264,56.1523],[92.2641,56.1051],[92.2532,56.1022],[92.2429,56.0665],[92.1902,56.0458],[92.1859,56.0268],[92.1475,56.03],[92.1163,56.0004],[92.1892,55.9913],[92.1883,55.9794],[92.2146,55.9778],[92.2133,55.9691],[92.2794,55.9661],[92.2837,55.984],[92.3516,55.9802],[92.357,55.996],[92.5255,55.9903],[92.493,55.9785],[92.5441,55.9628],[92.807,55.952],[92.8371,55.9448],[92.8582,55.9153],[92.8858,55.9118],[92.8988,55.9509],[92.9664,55.9469],[93.0111,55.9762],[93.0924,55.9826],[93.1206,55.9924],[93.103,56.0005],[93.1132,56.0208],[93.1061,56.0024],[93.1458,55.9822],[93.1812,56.0108],[93.2518,56.0168],[93.2247,56.0405],[93.2449,56.045],[93.2323,56.0688],[93.2445,56.0756],[93.1989,56.0941],[93.1744,56.0902],[93.1556,56.1236],[93.0717,56.1324],[93.0626,56.1448],[93.0021,56.1368],[92.9214,56.1462],[92.9163,56.1231],[92.8802,56.1241],[92.8547,56.1096]]]]}},{"type":"Feature","id":1157414,"properties":{"id":"1157414","name":"Канский муниципальный округ"},"geometry":{"type":"MultiPolygon","coordinates":[[[[95.8251,56.1772],[95.7847,56.2147],[95.7995,56.2279],[95.7427,56.2632],[95.7902,56.2737],[95.7917,56.3158],[95.7427,56.3171],[95.7317,56.3311],[95.7573,56.3361],[95.7429,56.3482],[95.7763,56.3715],[95.7627,56.3832],[95.8598,56.403],[95.8168,56.4244],[95.7514,56.4289],[95.7449,56.4594],[95.7195,56.4598],[95.7363,56.4786],[95.7296,56.4928],[95.831,56.4878],[95.8242,56.4655],[95.8451,56.4743],[95.8454,56.4882],[95.8103,56.502],[95.8164,56.5122],[95.7176,56.5403],[95.6884,56.5239],[95.6035,56.5315],[95.5813,56.5709],[95.6035,56.5708],[95.5952,56.5996],[95.5725,56.618],[95.4243,56.5797],[95.3887,56.5958],[95.3425,56.5853],[95.3003,56.6106],[95.2344,56.5929],[95.1156,56.6023],[95.0643,56.5686],[95.0363,56.5847],[95.021,56.5678],[94.9917,56.5701],[94.9762,56.5936],[94.9184,56.5887],[94.8331,56.6231],[94.7394,56.6426],[94.6695,56.6336],[94.6597,56.5252],[94.5184,56.4244],[94.7621,56.3614],[94.7592,56.3437],[94.811,56.3023],[94.8055,56.2752],[94.8385,56.2028],[94.8207,56.1999],[94.8152,56.1711],[94.8236,56.1687],[94.809,56.1656],[94.8109,56.1523],[94.8342,56.1474],[94.9271,56.1695],[95.0534,56.1613],[95.0495,56.148],[95.0768,56.1436],[95.0963,56.1182],[95.2424,56.1085],[95.2308,56.0972],[95.2533,56.0823],[95.2539,56.0632],[95.3057,56.0546],[95.3019,56.0354],[95.3509,56.0372],[95.3517,56.0251],[95.3928,56.0205],[95.428,55.9632],[95.4678,55.9604],[95.4561,55.9384],[95.4257,55.9326],[95.4858,55.9224],[95.4618,55.9093],[95.4867,55.8646],[95.556,55.8681],[95.557,55.85],[95.5927,55.8291],[95.6907,55.8404],[95.6799,55.8108],[95.6405,55.8025],[95.7228,55.7956],[95.7047,55.7629],[95.833,55.7681],[95.8633,55.8014],[95.8294,55.8172],[95.8706,55.8191],[95.8617,55.8254],[95.8747,55.8446],[95.8658,55.8826],[95.9297,55.8843],[95.9222,55.9074],[95.8491,55.9221],[95.8725,55.9567],[95.841,55.981],[95.8891,56.0332],[95.8912,56.0643],[95.9135,56.0914],[95.8656,56.1045],[95.8576,56.1426],[95.843,56.1543],[95.8128,56.1497],[95.8251,56.1772]]]]}},{"type":"Feature","id":1157550,"properties":{"id":"1157550","name":"Иланско-Нижнеингашский муниципальный округ"},"geometry":{"type":"MultiPolygon","coordinates":[[[[96.8336,55.8271],[96.8361,55.8072],[96.7861,55.7896],[96.7716,55.7664],[96.775,55.7466],[96.7544,55.734],[96.7805,55.7139],[96.8205,55.7083],[96.8247,55.6878],[96.7488,55.6614],[96.7724,55.6436],[96.6214,55.5689],[96.5141,55.6202],[96.5112,55.655],[96.4359,55.6568],[96.2996,55.623],[96.2555,55.5707],[96.1878,55.5643],[96.0199,55.6477],[95.9317,55.6534],[95.8789,55.6756],[95.8769,55.7149],[95.7502,55.7185],[95.7989,55.7717],[95.833,55.7681],[95.8535,55.7842],[95.8633,55.8014],[95.8278,55.8149],[95.8701,55.8174],[95.866,55.8828],[95.9297,55.8843],[95.9222,55.9074],[95.8491,55.9221],[95.8725,55.9567],[95.841,55.981],[95.8891,56.0332],[95.8912,56.0643],[95.9135,56.0914],[95.8656,56.1045],[95.8576,56.1426],[95.843,56.1543],[95.8128,56.1497],[95.8263,56.1813],[95.7847,56.2147],[95.7995,56.2279],[95.7427,56.2634],[95.7902,56.2737],[95.7917,56.3158],[95.7427,56.3171],[95.7317,56.3311],[95.7573,56.3361],[95.7429,56.3482],[95.7763,56.3715],[95.7627,56.3832],[95.8598,56.403],[95.8168,56.4244],[95.7514,56.4289],[95.7449,56.4594],[95.7195,56.4598],[95.7363,56.4786],[95.7296,56.4928],[95.831,56.4878],[95.8242,56.4655],[95.8439,56.4773],[96.0034,56.48],[96.0163,56.4339],[96.1111,56.4374],[96.1545,56.517],[96.2096,56.5108],[96.2113,56.4901],[96.2628,56.4849],[96.2999,56.507],[96.2874,56.5196],[96.2963,56.5218],[96.43,56.517],[96.5676,56.535],[96.6043,56.5526],[96.6368,56.5266],[96.7246,56.5546],[96.7133,56.5702],[96.7745,56.5715],[96.7831,56.5835],[96.8269,56.5815],[96.8489,56.5611],[96.8893,56.5494],[96.8999,56.5692],[96.9998,56.5758],[97.0515,56.6149],[97.0523,56.6301],[97.1112,56.6194],[97.2682,56.6288],[97.3662,56.6562],[97.4062,56.6831],[97.4068,56.705],[97.4324,56.719],[97.424,56.7273],[97.4386,56.7425],[97.4207,56.7547],[97.4394,56.7685],[97.4375,56.7903],[97.4155,56.8051],[97.5149,56.8059],[97.5448,56.7843],[97.6696,56.8056],[97.7864,56.7976],[97.8028,56.7732],[97.7643,56.7393],[97.7472,56.7384],[97.7687,56.7214],[97.7581,56.704],[97.7625,56.6751],[97.7883,56.6626],[97.7361,56.6454],[97.7367,56.6295],[97.7667,56.6213],[97.7797,56.5913],[97.7411,56.5492],[97.8799,56.5341],[97.88,56.3754],[97.557,56.3763],[97.5563,56.2802],[97.57,56.2704],[97.5742,56.1873],[97.4729,56.1954],[97.4652,56.1819],[97.4091,56.1636],[97.4404,56.1427],[97.4316,56.1313],[97.4382,56.1054],[97.4124,56.0974],[97.3595,56.0321],[97.3113,56.0396],[97.3012,56.0744],[97.1319,56.1125],[97.0636,56.0042],[96.9907,56.0039],[96.9887,55.8504],[96.9166,55.8618],[96.8896,55.8305],[96.8441,55.8393],[96.8336,55.8271]]]]}},{"type":"Feature","id":1157565,"properties":{"id":"1157565","name":"Рыбинский муниципальный округ"},"geometry":{"type":"MultiPolygon","coordinates":[[[[94.6035,55.5929],[94.6072,55.6325],[94.6269,55.6616],[94.6173,55.6922],[94.6966,55.6879],[94.7056,55.7599],[94.6202,55.7851],[94.6095,55.7733],[94.5175,55.7759],[94.5346,55.8167],[94.5241,55.8383],[94.6012,55.8451],[94.5886,55.8584],[94.5933,55.9114],[94.5426,55.919],[94.4865,55.8967],[94.4121,55.903],[94.4257,55.9552],[94.2925,56.0428],[94.2968,56.1216],[94.1791,56.1283],[94.1412,56.1164],[94.1186,56.1388],[94.1122,56.2023],[94.1997,56.2164],[94.2968,56.2608],[94.4127,56.3866],[94.5184,56.4244],[94.7621,56.3614],[94.7592,56.3437],[94.811,56.3023],[94.8055,56.2752],[94.8385,56.2028],[94.8207,56.1999],[94.8152,56.1711],[94.8236,56.1687],[94.809,56.1656],[94.8109,56.1523],[94.8342,56.1474],[94.9271,56.1695],[95.0534,56.1613],[95.0495,56.148],[95.0768,56.1436],[95.0963,56.1182],[95.2424,56.1085],[95.2308,56.0972],[95.2533,56.0823],[95.2539,56.0632],[95.3057,56.0546],[95.3019,56.0354],[95.3509,56.0372],[95.3517,56.0251],[95.3928,56.0205],[95.428,55.9632],[95.4678,55.9604],[95.4561,55.9384],[95.4269,55.9256],[95.3814,55.9297],[95.3811,55.9123],[95.3334,55.928],[95.2866,55.9167],[95.2989,55.9034],[95.1453,55.9107],[95.1613,55.8574],[95.1203,55.8383],[95.1524,55.8335],[95.1699,55.793],[95.2315,55.7718],[95.2282,55.7442],[95.1823,55.7243],[95.1308,55.744],[95.0598,55.7035],[95.0102,55.6995],[94.9834,55.6845],[95.0206,55.601],[94.9537,55.5776],[94.9478,55.5427],[94.805,55.5635],[94.7918,55.5449],[94.7672,55.5475],[94.7496,55.5295],[94.6712,55.524],[94.6975,55.5591],[94.6047,55.5837],[94.6035,55.5929]]]]}},{"type":"Feature","id":1157597,"properties":{"id":"1157597","name":"Манско-Уярский муниципальный округ"},"geometry":{"type":"MultiPolygon","coordinates":[[[[93.9524,56.0619],[93.9714,56.068],[93.9955,56.138],[94.0349,56.157],[94.0223,56.2043],[94.1122,56.2023],[94.1186,56.1388],[94.1377,56.117],[94.1791,56.1283],[94.2968,56.1216],[94.2925,56.0428],[94.4257,55.9552],[94.4121,55.903],[94.4865,55.8967],[94.5426,55.919],[94.5933,55.9114],[94.5886,55.8584],[94.6012,55.8451],[94.5241,55.8383],[94.5346,55.8167],[94.5175,55.7759],[94.6095,55.7733],[94.6202,55.7851],[94.7056,55.7599],[94.6966,55.6879],[94.6173,55.6922],[94.6269,55.6616],[94.6032,55.6184],[94.6047,55.5837],[94.6975,55.5591],[94.6692,55.5241],[94.6316,55.5183],[94.677,55.4651],[94.6569,55.4558],[94.6504,55.4206],[94.6764,55.3847],[94.666,55.3833],[94.6769,55.3476],[94.6499,55.3184],[94.659,55.3079],[94.6173,55.2959],[94.5742,55.2507],[94.5467,55.2504],[94.537,55.2086],[94.5534,55.1806],[94.5293,55.1618],[94.5029,55.1686],[94.4555,55.1544],[94.4431,55.1835],[94.4137,55.1942],[94.4281,55.2174],[94.2027,55.2534],[94.2313,55.2269],[94.2377,55.1991],[94.265,55.2018],[94.2832,55.1825],[94.2503,55.1426],[94.2173,55.1476],[94.1987,55.1253],[94.2263,55.0904],[94.1727,55.0737],[94.1533,55.0529],[94.1693,55.0273],[94.2963,55.0198],[94.3394,55.0425],[94.3723,55.0385],[94.3799,55.0304],[94.3641,55.0223],[94.3676,55.0024],[94.3544,54.991],[94.3597,54.9608],[94.4078,54.941],[94.4169,54.8941],[94.4968,54.8695],[94.5895,54.8593],[94.6387,54.8357],[94.6907,54.8435],[94.7198,54.7961],[94.6615,54.7297],[94.6984,54.7124],[94.7108,54.6908],[94.7907,54.6544],[94.8228,54.6224],[94.8781,54.6202],[94.8811,54.6025],[94.8564,54.5678],[94.8849,54.542],[94.8635,54.5337],[94.861,54.4824],[94.8211,54.4809],[94.8009,54.4623],[94.7343,54.4437],[94.7093,54.4821],[94.7205,54.506],[94.6132,54.5048],[94.5941,54.5282],[94.5154,54.5496],[94.4559,54.5154],[94.4482,54.4993],[94.4066,54.4994],[94.3813,54.4722],[94.3555,54.4741],[94.3524,54.4951],[94.3102,54.5391],[94.2668,54.5428],[94.1964,54.5885],[94.1004,54.5983],[93.9998,54.6365],[93.9563,54.6046],[93.8484,54.6372],[93.8313,54.633],[93.8107,54.6043],[93.7499,54.617],[93.7155,54.5939],[93.6287,54.6382],[93.6657,54.6528],[93.6573,54.6784],[93.5975,54.6837],[93.5692,54.7154],[93.5302,54.7291],[93.5098,54.7576],[93.4748,54.7628],[93.4832,54.7859],[93.4686,54.8135],[93.3308,54.8395],[93.32,54.8707],[93.2225,54.9071],[93.2437,54.9481],[93.2194,54.9698],[93.2301,54.9969],[93.1846,55.0092],[93.186,55.0227],[93.163,55.0361],[93.1701,55.0552],[93.1254,55.091],[93.1574,55.111],[93.1602,55.1303],[93.1309,55.1467],[93.1366,55.2108],[93.0924,55.2337],[93.1536,55.3003],[93.1454,55.3176],[93.1698,55.36],[93.1745,55.3962],[93.2018,55.4131],[93.1881,55.4252],[93.1904,55.4432],[93.1737,55.4408],[93.1641,55.4575],[93.1921,55.4642],[93.181,55.4776],[93.1937,55.4881],[93.1648,55.4818],[93.1417,55.4957],[93.2598,55.5161],[93.2893,55.5396],[93.4078,55.5744],[93.415,55.5902],[93.3987,55.6148],[93.4176,55.6472],[93.3905,55.6887],[93.398,55.6979],[93.3553,55.6957],[93.3481,55.708],[93.3195,55.6919],[93.2745,55.7166],[93.2663,55.7348],[93.2795,55.7573],[93.321,55.7681],[93.3442,55.7962],[93.3862,55.8007],[93.3712,55.809],[93.3784,55.8223],[93.4182,55.8377],[93.3453,55.8739],[93.3517,55.9076],[93.3807,55.9176],[93.4031,55.8992],[93.5154,55.9388],[93.483,55.9609],[93.5094,55.9638],[93.5425,56.0019],[93.5928,56.0114],[93.5763,56.0511],[93.6024,56.0728],[93.5815,56.0894],[93.9524,56.0619]]]]}},{"type":"Feature","id":1157620,"properties":{"id":"1157620","name":"Сосновоборский муниципальный округ"},"geometry":{"type":"MultiPolygon","coordinates":[[[[93.1132,56.0208],[93.103,56.0005],[93.1206,55.9924],[93.0924,55.9826],[93.0111,55.9762],[92.9664,55.9469],[92.8988,55.9509],[92.8858,55.9118],[92.8582,55.9153],[92.8371,55.9448],[92.807,55.952],[92.6106,55.9539],[92.5899,55.9496],[92.5932,55.94],[92.5474,55.9398],[92.5657,55.915],[92.5551,55.8898],[92.5363,55.8845],[92.4813,55.9001],[92.4674,55.8931],[92.4659,55.9132],[92.4015,55.9296],[92.3556,55.9146],[92.4047,55.8774],[92.408,55.8481],[92.3843,55.824],[92.3645,55.8238],[92.3731,55.8056],[92.3564,55.7848],[92.4023,55.7696],[92.482,55.7664],[92.546,55.7283],[92.5453,55.7035],[92.7061,55.7307],[92.73,55.6889],[92.6886,55.6754],[92.6763,55.6474],[92.7549,55.5851],[92.7756,55.584],[92.7783,55.4801],[92.8161,55.4509],[92.829,55.3912],[92.809,55.3586],[92.8231,55.3279],[92.8136,55.3133],[92.8492,55.2877],[92.93,55.3106],[93.0924,55.2337],[93.1536,55.3003],[93.1454,55.3176],[93.1698,55.36],[93.1745,55.3962],[93.2018,55.4131],[93.1881,55.4252],[93.1904,55.4432],[93.1737,55.4408],[93.1641,55.4575],[93.1921,55.4642],[93.181,55.4776],[93.1937,55.4881],[93.1648,55.4818],[93.1417,55.4957],[93.2598,55.5161],[93.2893,55.5396],[93.4078,55.5744],[93.415,55.5902],[93.3987,55.6148],[93.4176,55.6472],[93.3905,55.6887],[93.398,55.6979],[93.3553,55.6957],[93.3481,55.708],[93.3195,55.6919],[93.2745,55.7166],[93.2663,55.7348],[93.2795,55.7573],[93.321,55.7681],[93.3442,55.7962],[93.3862,55.8007],[93.3712,55.809],[93.3784,55.8223],[93.4182,55.8377],[93.3453,55.8739],[93.3517,55.9076],[93.3807,55.9176],[93.4031,55.8992],[93.5154,55.9388],[93.483,55.9609],[93.5094,55.9638],[93.5425,56.0019],[93.5928,56.0114],[93.5763,56.0511],[93.6024,56.0728],[93.5815,56.0894],[93.9524,56.0619],[93.9714,56.068],[93.9955,56.138],[94.0349,56.157],[94.0223,56.2043],[94.1122,56.2023],[94.077,56.2195],[94.0712,56.2892],[93.9943,56.3302],[93.9967,56.3541],[93.9029,56.347],[93.886,56.312],[93.7946,56.308],[93.7296,56.3328],[93.733,56.3127],[93.6515,56.2072],[93.5667,56.1531],[93.4413,56.1466],[93.4175,56.1598],[93.4257,56.174],[93.4171,56.1794],[93.3495,56.1579],[93.3748,56.1735],[93.3678,56.1807],[93.2891,56.1748],[93.2491,56.1463],[93.1411,56.1496],[93.1744,56.0902],[93.1989,56.0941],[93.2445,56.0756],[93.2323,56.0688],[93.2449,56.045],[93.2247,56.0405],[93.2518,56.0168],[93.1812,56.0108],[93.1458,55.9822],[93.1061,56.0024],[93.1132,56.0208]]]]}},{"type":"Feature","id":1159138,"properties":{"id":"1159138","name":"Ирбейско-Саянский муниципальный округ"},"geometry":{"type":"MultiPolygon","coordinates":[[[[95.9043,54.3898],[95.8715,54.3935],[95.8433,54.423],[95.7101,54.4138],[95.6807,54.3916],[95.6898,54.3592],[95.6625,54.3378],[95.6633,54.3042],[95.6463,54.2969],[95.6653,54.2699],[95.6402,54.2667],[95.6292,54.2508],[95.6028,54.2602],[95.5901,54.2337],[95.533,54.2807],[95.4997,54.2758],[95.4752,54.2549],[95.3805,54.3143],[95.3431,54.3139],[95.2849,54.3372],[95.2133,54.3342],[95.1654,54.3054],[95.0912,54.3172],[95.0489,54.2935],[95.0231,54.3119],[94.9377,54.3182],[94.9259,54.3293],[94.9491,54.3449],[94.8957,54.3696],[94.8795,54.3932],[94.8291,54.399],[94.7544,54.4434],[94.8211,54.4809],[94.8628,54.4836],[94.8635,54.5337],[94.8848,54.5442],[94.8564,54.5678],[94.8822,54.6131],[94.873,54.6249],[94.8228,54.6224],[94.7907,54.6544],[94.7108,54.6908],[94.6984,54.7124],[94.6615,54.7297],[94.7198,54.7961],[94.6907,54.8435],[94.6387,54.8357],[94.5895,54.8593],[94.4968,54.8695],[94.4169,54.8941],[94.4078,54.941],[94.3597,54.9608],[94.3544,54.991],[94.3676,55.0024],[94.3641,55.0223],[94.3799,55.0304],[94.3723,55.0385],[94.3394,55.0425],[94.2963,55.0198],[94.1641,55.0301],[94.1538,55.0568],[94.2263,55.0904],[94.1981,55.1235],[94.209,55.1405],[94.2503,55.1426],[94.2837,55.1846],[94.265,55.2018],[94.2377,55.1991],[94.2313,55.2269],[94.2027,55.2534],[94.4281,55.2174],[94.4137,55.1942],[94.4431,55.1835],[94.4555,55.1544],[94.5449,55.1722],[94.5534,55.1806],[94.537,55.2086],[94.5467,55.2504],[94.5742,55.2507],[94.6173,55.2959],[94.659,55.3079],[94.6499,55.3184],[94.6769,55.3476],[94.666,55.3833],[94.6764,55.3847],[94.6504,55.4206],[94.6569,55.4558],[94.677,55.4651],[94.6316,55.5183],[94.7283,55.536],[94.7496,55.5295],[94.7672,55.5475],[94.7918,55.5449],[94.805,55.5635],[94.9478,55.5427],[94.9537,55.5776],[95.0206,55.601],[94.9834,55.6845],[95.0102,55.6995],[95.0598,55.7035],[95.1308,55.744],[95.1823,55.7243],[95.2282,55.7442],[95.2315,55.7718],[95.1699,55.793],[95.1524,55.8335],[95.1203,55.8383],[95.1613,55.8574],[95.1453,55.9107],[95.1682,55.9153],[95.2436,55.902],[95.2989,55.9034],[95.2866,55.9167],[95.3306,55.9278],[95.3753,55.9123],[95.3853,55.9302],[95.4858,55.9224],[95.4618,55.9093],[95.4925,55.8614],[95.556,55.8681],[95.557,55.85],[95.5927,55.8291],[95.6896,55.841],[95.6799,55.8108],[95.6405,55.8025],[95.7228,55.7956],[95.7101,55.7834],[95.7184,55.7725],[95.7025,55.7634],[95.75,55.772],[95.76,55.761],[95.7715,55.7728],[95.796,55.7596],[95.7502,55.7185],[95.8769,55.7149],[95.8789,55.6756],[95.9317,55.6534],[96.0199,55.6477],[96.1878,55.5643],[96.2555,55.5707],[96.2996,55.623],[96.4359,55.6568],[96.5112,55.655],[96.5141,55.6202],[96.6061,55.5686],[96.7724,55.6436],[96.8544,55.5998],[96.8624,55.5779],[96.8116,55.5701],[96.8085,55.5508],[96.8399,55.5308],[96.8284,55.5179],[96.8367,55.4928],[96.8545,55.4832],[96.8543,55.4697],[96.8372,55.4648],[96.8475,55.4317],[96.8909,55.3972],[96.8901,55.3741],[96.9446,55.3172],[96.9279,55.3019],[96.8754,55.291],[96.7813,55.2884],[96.7739,55.2717],[96.7199,55.2681],[96.7306,55.2517],[96.6786,55.2541],[96.6572,55.2385],[96.6846,55.2257],[96.6895,55.1793],[96.6678,55.1552],[96.6782,55.1149],[96.6506,55.0998],[96.6853,55.0827],[96.5937,55.0238],[96.6138,55.0139],[96.608,55.0059],[96.6454,54.9657],[96.6917,54.9464],[96.7015,54.9282],[96.6933,54.9227],[96.7169,54.9018],[96.6988,54.8898],[96.7107,54.8654],[96.6912,54.8353],[96.6675,54.8319],[96.6617,54.7913],[96.6265,54.7714],[96.6193,54.742],[96.567,54.6995],[96.5831,54.6761],[96.5809,54.6266],[96.5618,54.5966],[96.5294,54.5813],[96.5417,54.57],[96.5388,54.5298],[96.4864,54.5159],[96.2903,54.5575],[96.1812,54.5352],[96.0651,54.5745],[96.0252,54.5548],[96.0372,54.5341],[96.0297,54.5245],[96.0001,54.5287],[96.0215,54.513],[95.978,54.5081],[95.9778,54.4761],[95.9524,54.4659],[95.9778,54.4458],[95.9329,54.4325],[95.9393,54.4235],[95.9043,54.3898]]]]}},{"type":"Feature","id":1159212,"properties":{"id":"1159212","name":"Абанский муниципальный округ"},"geometry":{"type":"MultiPolygon","coordinates":[[[[95.7604,56.9898],[96.0325,57.0132],[96.0955,57.0443],[96.1066,57.0704],[96.0911,57.1073],[95.9256,57.0978],[95.9252,57.1331],[95.8736,57.2652],[95.8784,57.3601],[96.0482,57.4335],[96.0551,57.4936],[96.005,57.5399],[96.0857,57.5721],[96.135,57.5746],[96.1751,57.5368],[96.2046,57.5328],[96.3023,57.4436],[96.4039,57.4647],[96.4411,57.4506],[96.5331,57.4689],[96.7942,57.4301],[97.1388,57.2756],[97.2142,57.2231],[97.4209,57.1322],[97.3434,57.0315],[97.3773,57.0359],[97.3835,57.0247],[97.4719,56.9972],[97.5065,57.0042],[97.5136,56.9937],[97.501,56.9883],[97.5306,56.9699],[97.5905,56.9901],[97.5983,56.9871],[97.5873,56.9725],[97.6116,56.9627],[97.6726,56.9728],[97.5703,56.9065],[97.4786,56.8831],[97.4694,56.827],[97.5149,56.8059],[97.4155,56.8051],[97.4375,56.7903],[97.4394,56.7685],[97.4207,56.7547],[97.4386,56.7425],[97.424,56.7273],[97.4324,56.719],[97.4068,56.705],[97.4014,56.6789],[97.3273,56.6399],[97.1247,56.6196],[97.0523,56.6301],[97.0515,56.6149],[96.9998,56.5758],[96.8999,56.5692],[96.8893,56.5494],[96.8489,56.5611],[96.8269,56.5815],[96.7831,56.5835],[96.7745,56.5715],[96.7133,56.5702],[96.7246,56.5546],[96.6368,56.5266],[96.6043,56.5526],[96.5676,56.535],[96.43,56.517],[96.2963,56.5218],[96.2874,56.5196],[96.2999,56.507],[96.2628,56.4849],[96.2113,56.4901],[96.2096,56.5108],[96.1545,56.517],[96.1111,56.4374],[96.0163,56.4339],[96.0034,56.48],[95.8439,56.4773],[95.8454,56.4882],[95.8103,56.502],[95.8164,56.5122],[95.7176,56.5403],[95.6884,56.5239],[95.6035,56.5315],[95.5834,56.5654],[95.6035,56.5708],[95.5952,56.5996],[95.5697,56.6188],[95.5689,56.6506],[95.6314,56.6455],[95.5922,56.6689],[95.6577,56.696],[95.6195,56.7371],[95.6282,56.7582],[95.6683,56.7636],[95.6606,56.8087],[95.677,56.8091],[95.6786,56.8279],[95.6422,56.8339],[95.6631,56.8899],[95.705,56.9004],[95.7278,56.9245],[95.6712,56.9318],[95.6736,56.9464],[95.5896,56.9431],[95.5938,56.9649],[95.6111,56.9743],[95.6048,56.9861],[95.6296,56.9899],[95.717,56.9981],[95.7604,56.9898]]]]}},{"type":"Feature","id":1161670,"properties":{"id":"1161670","name":"Дзержинско-Тасеевский муниципальный округ"},"geometry":{"type":"MultiPolygon","coordinates":[[[[94.2794,56.9148],[94.2823,56.8508],[94.3438,56.8158],[94.4055,56.8201],[94.4839,56.7849],[94.5073,56.7676],[94.5286,56.7243],[94.563,56.7239],[94.5594,56.6362],[94.6949,56.633],[94.7394,56.6426],[94.8331,56.6231],[94.9184,56.5887],[94.9762,56.5936],[94.9917,56.5701],[95.021,56.5678],[95.0363,56.5847],[95.0643,56.5686],[95.1156,56.6023],[95.2344,56.5929],[95.3003,56.6106],[95.3425,56.5853],[95.3887,56.5958],[95.4243,56.5797],[95.5607,56.6125],[95.5725,56.618],[95.5689,56.6506],[95.634,56.6491],[95.5921,56.6684],[95.6577,56.696],[95.6195,56.7371],[95.6282,56.7582],[95.6683,56.7636],[95.6606,56.8087],[95.677,56.8091],[95.6786,56.8279],[95.6422,56.8339],[95.6631,56.8899],[95.705,56.9004],[95.7278,56.9245],[95.6712,56.9318],[95.6736,56.9464],[95.5896,56.9431],[95.5938,56.9649],[95.6111,56.9743],[95.6048,56.9861],[96.023,57.0119],[96.0764,57.0289],[96.1028,57.0572],[96.0911,57.1073],[95.9256,57.0978],[95.9252,57.1331],[95.8736,57.2652],[95.8784,57.3601],[96.0482,57.4335],[96.0551,57.4936],[96.0329,57.5236],[95.992,57.5414],[95.6663,57.5108],[95.6556,57.5204],[95.6665,57.5327],[95.6418,57.5514],[95.6714,57.5605],[95.6619,57.5726],[95.6986,57.5949],[95.6381,57.6179],[95.6486,57.648],[95.6193,57.6766],[95.5489,57.706],[95.3882,57.7242],[95.3204,57.7124],[95.2388,57.7293],[95.206,57.75],[95.1098,57.7655],[94.8342,57.7296],[94.8016,57.7672],[94.7569,57.7823],[94.6764,57.7892],[94.6722,57.7711],[94.6203,57.7689],[94.5472,57.7874],[94.4592,57.7753],[94.3749,57.7939],[94.3697,57.7839],[94.26,57.8264],[94.2332,57.8523],[94.1953,57.8518],[94.0032,57.6359],[93.7413,57.4028],[93.7644,57.365],[93.8672,57.3758],[93.9105,57.3544],[93.9282,57.3133],[93.8745,57.305],[93.864,57.2819],[93.8658,57.2719],[93.8833,57.2742],[93.8924,57.2435],[93.9079,57.2341],[93.8954,57.2157],[93.9022,57.2006],[94.0255,57.0983],[94.0634,57.0438],[94.1839,56.9252],[94.2794,56.9148]]]]}},{"type":"Feature","id":1161672,"properties":{"id":"1161672","name":"Большемуртинско-Сухобузимский муниципальный округ"},"geometry":{"type":"MultiPolygon","coordinates":[[[[94.1839,56.9252],[94.2794,56.9148],[94.2823,56.8508],[94.3438,56.8158],[94.4055,56.8201],[94.5073,56.7676],[94.5286,56.7243],[94.563,56.7239],[94.5594,56.6362],[94.6695,56.6336],[94.6597,56.5252],[94.5184,56.4244],[94.4127,56.3866],[94.2968,56.2608],[94.1997,56.2164],[94.1518,56.2161],[94.12,56.2002],[94.077,56.2195],[94.0712,56.2892],[93.9943,56.3302],[93.9967,56.3541],[93.9029,56.347],[93.886,56.312],[93.7946,56.308],[93.7296,56.3328],[93.7275,56.3467],[93.8258,56.3541],[93.8121,56.3728],[93.8218,56.3803],[93.7783,56.3806],[93.7786,56.3983],[93.6495,56.3805],[93.5937,56.3894],[93.5209,56.3747],[93.4838,56.3878],[93.4381,56.3674],[93.3854,56.3636],[93.3537,56.3421],[93.3515,56.3155],[93.0894,56.2884],[93.0905,56.3503],[93.0351,56.3575],[93.002,56.3832],[92.9439,56.3831],[92.9204,56.4054],[92.8637,56.401],[92.8464,56.4587],[92.8633,56.4684],[92.8526,56.4715],[92.8794,56.513],[92.829,56.5406],[92.7984,56.532],[92.7348,56.5575],[92.6821,56.5607],[92.6575,56.5832],[92.669,56.6012],[92.7168,56.6134],[92.723,56.6561],[92.7498,56.6638],[92.7354,56.6735],[92.7562,56.6895],[92.7163,56.7112],[92.6781,56.7027],[92.6938,56.7225],[92.6541,56.7453],[92.7024,56.7524],[92.6973,56.7673],[92.6037,56.8003],[92.5093,56.7803],[92.3061,56.7863],[92.2564,56.8123],[92.2155,56.8107],[92.1891,56.8441],[92.1468,56.8443],[92.0536,56.8881],[92.0243,56.8785],[91.9676,56.8882],[91.8823,56.9275],[91.825,56.9178],[91.8351,57.0309],[91.9996,57.0831],[92.1557,57.2017],[92.1488,57.21],[92.1734,57.2159],[92.1679,57.2302],[92.2038,57.2473],[92.4316,57.313],[92.6234,57.307],[92.8717,57.338],[92.8402,57.3118],[92.8553,57.3],[92.8413,57.2878],[92.8509,57.273],[92.8419,57.2628],[92.864,57.2482],[92.9649,57.2515],[92.9721,57.2713],[93.1404,57.2689],[93.2039,57.3102],[93.2393,57.2724],[93.2722,57.2839],[93.25,57.3066],[93.2897,57.3214],[93.2815,57.3322],[93.358,57.3368],[93.3604,57.298],[93.4249,57.3079],[93.4361,57.294],[93.4165,57.2337],[93.4396,57.2028],[93.5494,57.1929],[93.6204,57.2039],[93.8745,57.305],[93.8646,57.2735],[93.8934,57.263],[93.8924,57.2435],[93.9079,57.2341],[93.8954,57.2157],[93.9022,57.2006],[94.0255,57.0983],[94.0634,57.0438],[94.1839,56.9252]]]]}},{"type":"Feature","id":1161676,"properties":{"id":"1161676","name":"Казачинско-Пировский муниципальный округ"},"geometry":{"type":"MultiPolygon","coordinates":[[[[93.3447,57.9665],[93.268,57.9532],[93.2172,57.9626],[93.2169,57.987],[93.2046,57.9938],[93.1704,57.9638],[93.1695,57.949],[93.2432,57.8671],[93.193,57.8579],[93.1558,57.8332],[92.9997,57.8603],[92.9029,57.8538],[92.8891,57.8664],[92.754,57.8715],[92.7445,57.8545],[92.6397,57.8349],[92.6144,57.8486],[92.6175,57.8588],[92.5959,57.8588],[92.6037,57.8746],[92.5481,57.925],[92.5878,57.9336],[92.5822,57.979],[92.4699,58.0044],[92.4156,58.0047],[92.3791,58.0249],[92.2252,57.9772],[92.203,57.9552],[92.1806,57.9552],[92.1831,57.9421],[92.1547,57.9428],[92.1321,57.9676],[92.0979,57.957],[92.086,57.9406],[92.0333,57.9349],[91.9353,57.8627],[91.8658,57.868],[91.8072,57.8516],[91.6021,57.8496],[91.5953,57.8265],[91.5278,57.8076],[91.501,57.8188],[91.4657,57.8138],[91.4427,57.8263],[91.4624,57.8408],[91.4302,57.8318],[91.4262,57.8483],[91.4049,57.8373],[91.3807,57.8471],[91.3821,57.8585],[91.3075,57.8857],[91.2314,57.8783],[91.2248,57.8637],[91.2518,57.862],[91.2546,57.8429],[91.2044,57.8234],[91.209,57.8066],[91.2238,57.8038],[91.2053,57.7916],[91.2139,57.782],[91.1953,57.7609],[91.2038,57.7477],[91.1805,57.7302],[91.2001,57.7255],[91.1829,57.7132],[91.2038,57.6897],[91.1856,57.6855],[91.2078,57.6784],[91.21,57.6523],[91.2342,57.6519],[91.243,57.6389],[91.2631,57.6444],[91.2702,57.6319],[91.2519,57.6131],[91.3011,57.5741],[91.3456,57.5892],[91.3419,57.5413],[91.3634,57.5154],[91.3526,57.5054],[91.3722,57.4904],[91.3145,57.4621],[91.2896,57.4302],[91.2729,57.4362],[91.2395,57.4121],[91.2151,57.4117],[91.2208,57.3939],[91.2049,57.3854],[91.2184,57.3767],[91.2017,57.375],[91.1785,57.3446],[91.3614,57.3439],[91.5341,57.3091],[91.572,57.3685],[91.7102,57.3596],[91.5809,57.1846],[91.5161,57.1457],[91.8351,57.0309],[91.9996,57.0831],[92.1974,57.2445],[92.4316,57.313],[92.6234,57.307],[92.8723,57.3379],[92.8408,57.3144],[92.8553,57.3],[92.8413,57.2878],[92.8509,57.273],[92.8419,57.2628],[92.864,57.2482],[92.9275,57.2484],[92.9649,57.2515],[92.9721,57.2713],[93.1476,57.2703],[93.1635,57.2923],[93.2039,57.3102],[93.2393,57.2724],[93.2722,57.2839],[93.25,57.3066],[93.2897,57.3214],[93.2815,57.3322],[93.358,57.3368],[93.3604,57.298],[93.4249,57.3079],[93.4361,57.294],[93.4165,57.2337],[93.4396,57.2028],[93.5494,57.1929],[93.6204,57.2039],[93.8745,57.305],[93.9282,57.3133],[93.9105,57.3544],[93.8672,57.3758],[93.7644,57.365],[93.7415,57.4066],[94.0032,57.6359],[94.1953,57.8518],[94.1042,57.8614],[94.0644,57.9059],[93.9791,57.9069],[93.892,57.944],[93.3447,57.9665]]]]}},{"type":"Feature","id":1162482,"properties":{"id":"1162482","name":"Бирилюсский муниципальный округ"},"geometry":{"type":"MultiPolygon","coordinates":[[[[91.0974,57.5609],[91.0021,57.595],[91.0208,57.6361],[90.8928,57.6538],[90.8758,57.6755],[90.6349,57.6806],[90.6392,57.6154],[90.582,57.6464],[90.551,57.6386],[90.5297,57.6476],[90.5499,57.6775],[90.5087,57.6956],[90.5155,57.7146],[90.4979,57.7381],[90.5173,57.7462],[90.4885,57.7508],[90.4946,57.7591],[90.4772,57.7665],[90.4839,57.7817],[90.4734,57.7848],[90.5017,57.7921],[90.4883,57.8226],[90.5196,57.8318],[90.4952,57.8399],[90.5101,57.8583],[90.4963,57.883],[90.5168,57.8836],[90.5293,57.9027],[90.5632,57.9149],[90.5172,57.9283],[90.5208,57.9507],[90.4893,57.9512],[90.502,57.966],[90.479,57.9784],[89.7405,57.8169],[89.7385,57.7862],[89.6442,57.7315],[89.665,57.6939],[89.6523,57.6773],[89.6594,57.6676],[89.6366,57.6513],[89.6439,57.6151],[89.6289,57.6064],[89.8941,57.5817],[89.9404,57.5479],[89.8448,57.4985],[89.812,57.5013],[89.757,57.4789],[89.6994,57.1655],[89.5941,57.0735],[89.5849,56.9875],[89.7435,56.9916],[89.7576,56.9764],[89.7988,56.983],[89.8171,56.9686],[89.8664,56.9671],[89.862,56.9545],[89.9234,56.9352],[89.9316,56.906],[90.0083,56.8814],[90.0005,56.875],[90.0217,56.8574],[90.0126,56.8391],[90.0269,56.8384],[90.0242,56.8246],[90.0482,56.8119],[90.0397,56.8091],[90.0536,56.7877],[90.043,56.7747],[90.12,56.7541],[90.1064,56.7013],[90.0738,56.6878],[90.0518,56.6574],[90.0572,56.6494],[90.0227,56.6419],[90.0881,56.5875],[90.1684,56.6334],[90.278,56.6339],[90.3057,56.7862],[90.371,56.787],[90.4197,56.8093],[90.4188,56.8384],[90.5212,56.8388],[90.5887,56.8602],[90.7055,56.8282],[90.8475,56.826],[90.8446,56.8175],[90.8833,56.7991],[90.996,56.7948],[91.1068,56.811],[91.1493,56.8058],[91.2305,56.8444],[91.2575,56.8178],[91.2493,56.8133],[91.2581,56.797],[91.2446,56.7908],[91.2582,56.7602],[91.4116,56.8124],[91.4027,56.8542],[91.4573,56.8651],[91.4523,56.8791],[91.4811,56.883],[91.5294,56.8657],[91.5421,56.8486],[91.5395,56.8066],[91.5932,56.761],[91.5657,56.7211],[91.5738,56.7056],[91.8061,56.7458],[91.9134,56.752],[91.8779,56.7739],[91.8895,56.7874],[91.8676,56.7948],[91.8748,56.8068],[91.8576,56.8248],[91.8688,56.8379],[91.8539,56.8422],[91.8667,56.8442],[91.8539,56.8503],[91.8608,56.8586],[91.8486,56.8774],[91.8347,56.8807],[91.8449,56.8854],[91.8132,56.8988],[91.8242,56.9063],[91.8113,56.9175],[91.826,56.9164],[91.8351,57.0309],[91.5161,57.1457],[91.5809,57.1846],[91.7102,57.3596],[91.572,57.3685],[91.5341,57.3091],[91.3614,57.3439],[91.1807,57.3413],[91.2017,57.375],[91.2184,57.3767],[91.2049,57.3854],[91.2208,57.3939],[91.2151,57.4117],[91.2395,57.4121],[91.2729,57.4362],[91.2896,57.4302],[91.3145,57.4621],[91.3722,57.4904],[91.3526,57.5054],[91.3634,57.5154],[91.3419,57.5413],[91.3456,57.5892],[91.3011,57.5741],[91.2519,57.6131],[91.0974,57.5609]]]]}},{"type":"Feature","id":1162501,"properties":{"id":"1162501","name":"Мотыгинский муниципальный округ"},"geometry":{"type":"MultiPolygon","coordinates":[[[[95.5853,58.7706],[95.4202,58.6067],[95.4408,58.5666],[95.4227,58.5389],[95.4683,58.5228],[95.5237,58.4598],[95.4955,58.1362],[95.4694,58.1206],[95.4773,58.1005],[95.4598,58.0913],[95.4715,58.0782],[95.4249,58.0581],[95.4469,58.0166],[95.3592,57.9965],[95.3528,57.9804],[95.3135,57.9677],[95.3249,57.9518],[95.3039,57.9365],[95.3223,57.9214],[95.2988,57.918],[95.3028,57.8932],[95.2902,57.8785],[95.3182,57.8637],[95.3124,57.8148],[95.2591,57.7835],[95.2657,57.7757],[95.2479,57.7732],[95.2512,57.7642],[95.2275,57.7468],[95.0901,57.765],[94.8342,57.7296],[94.8016,57.7672],[94.7423,57.7843],[94.6764,57.7892],[94.6722,57.7711],[94.6203,57.7689],[94.5472,57.7874],[94.4592,57.7753],[94.3749,57.7939],[94.3685,57.7841],[94.26,57.8264],[94.2332,57.8523],[94.1042,57.8614],[94.0644,57.9059],[93.9791,57.9069],[93.892,57.944],[93.3447,57.9665],[93.2613,57.9543],[93.2172,57.9626],[93.2169,57.987],[93.2046,57.9938],[93.2841,58.0369],[93.2372,58.0414],[93.237,58.0634],[93.143,58.111],[93.1823,58.1482],[93.3444,58.1864],[93.3223,58.2063],[93.2319,58.3863],[93.094,58.4956],[93.1379,58.5214],[93.2002,58.525],[93.2055,58.542],[93.2237,58.548],[93.2113,58.5569],[93.241,58.5723],[93.2396,58.594],[93.2585,58.6004],[93.2544,58.6161],[93.2691,58.6337],[93.3203,58.6468],[93.3137,58.6721],[93.3573,58.7518],[93.3829,58.76],[93.4149,58.7522],[93.4302,58.7297],[93.4704,58.7238],[93.5001,58.725],[93.539,58.7521],[93.5948,58.7383],[93.7554,58.7858],[93.7819,58.808],[93.7747,58.8395],[93.7833,58.8489],[93.8713,58.8425],[93.9906,58.8665],[94.0218,58.89],[94.0069,58.9068],[94.0041,58.9427],[94.0979,58.9681],[94.1032,58.9906],[94.1281,59.0106],[94.1307,59.036],[94.1999,59.0663],[94.1932,59.0724],[94.2251,59.1152],[94.2194,59.1357],[94.2398,59.1805],[94.2846,59.1739],[94.2728,59.1948],[94.3076,59.2072],[94.2758,59.226],[94.2842,59.2559],[94.2311,59.2762],[94.2357,59.2909],[94.1847,59.3053],[94.1895,59.3277],[94.2606,59.3305],[94.2748,59.3422],[94.3036,59.3296],[94.3352,59.3373],[94.3181,59.3474],[94.3367,59.355],[94.3592,59.3419],[94.4014,59.3454],[94.3832,59.3277],[94.3914,59.3147],[94.4816,59.3158],[94.468,59.304],[94.5038,59.3075],[94.5164,59.2906],[94.6327,59.2799],[94.6539,59.2618],[94.673,59.2785],[94.7126,59.2771],[94.7357,59.3451],[94.7555,59.3626],[94.7809,59.3626],[94.7712,59.3838],[94.8073,59.4009],[94.796,59.421],[94.8677,59.4483],[94.9164,59.4502],[94.932,59.4688],[94.969,59.4691],[94.9626,59.4793],[94.9841,59.4851],[94.9781,59.4969],[94.9989,59.5118],[95.0376,59.5082],[95.0773,59.5388],[95.162,59.5489],[95.1499,59.5688],[95.1748,59.5708],[95.1942,59.5937],[95.222,59.599],[95.2075,59.6047],[95.2332,59.6133],[95.1966,59.6238],[95.2114,59.6367],[95.2828,59.6427],[95.2904,59.6534],[95.3101,59.6438],[95.3161,59.6528],[95.4999,59.642],[95.5806,59.6113],[95.5944,59.5802],[95.7195,59.5536],[95.6801,59.5124],[95.6969,59.5026],[95.6846,59.4885],[95.7064,59.4795],[95.6735,59.4659],[95.6902,59.4607],[95.6663,59.4411],[95.685,59.4361],[95.6657,59.4322],[95.6744,59.4162],[95.6452,59.4218],[95.6637,59.4081],[95.6275,59.407],[95.6416,59.3911],[95.6076,59.3812],[95.5962,59.3612],[95.5363,59.3514],[95.5707,59.3218],[95.5364,59.3175],[95.5529,59.328],[95.5402,59.3353],[95.4768,59.3128],[95.4828,59.3001],[95.4581,59.2784],[95.4347,59.281],[95.4388,59.2679],[95.3919,59.2549],[95.4153,59.2313],[95.3722,59.1986],[95.2932,59.1916],[95.2584,59.2032],[95.2635,59.2197],[95.2468,59.2218],[95.245,59.1853],[95.2589,59.1786],[95.2044,59.1924],[95.2016,59.178],[95.1632,59.156],[95.2321,59.1209],[95.2207,59.1063],[95.253,59.0701],[95.2357,59.0557],[95.251,59.0403],[95.3111,59.027],[95.2921,59.0111],[95.4042,59.0049],[95.4504,58.9865],[95.4105,58.9442],[95.436,58.9312],[95.4174,58.9143],[95.4244,58.8703],[95.3936,58.8789],[95.4188,58.862],[95.4174,58.8449],[95.3698,58.8287],[95.3668,58.8148],[95.4357,58.8044],[95.4204,58.7772],[95.4497,58.7732],[95.4598,58.7584],[95.5061,58.7897],[95.5853,58.7706]]]]}},{"type":"Feature","id":1162682,"properties":{"id":"1162682","name":"Кежемский муниципальный округ"},"geometry":{"type":"MultiPolygon","coordinates":[[[[99.0582,58.4644],[99.0607,58.3919],[99.1269,58.365],[99.1676,58.3191],[99.2102,58.3182],[99.2443,58.3009],[99.2415,58.2739],[99.2659,58.2425],[99.3138,58.2375],[99.4159,58.2613],[99.5305,58.1872],[99.5781,58.1807],[99.5517,58.1704],[99.5601,58.1551],[99.5005,58.128],[99.5644,58.082],[99.557,58.0707],[99.571,58.0254],[99.4656,57.9736],[99.2096,57.9613],[99.1882,58.0198],[99.0518,58.074],[99.0422,58.1414],[98.9891,58.1531],[98.9873,58.1853],[99.0202,58.1859],[99.0202,58.2205],[98.907,58.2216],[98.8773,58.2414],[98.8564,58.2233],[98.8424,58.2228],[98.8403,58.2407],[98.8235,58.224],[98.7558,58.2225],[98.7551,58.2554],[98.7303,58.2555],[98.7394,58.2242],[98.6943,58.2182],[98.6908,58.1114],[98.7856,58.1118],[98.7895,58.0409],[98.9231,58.0415],[98.9236,57.9987],[98.9836,57.9996],[98.9831,57.9712],[99.0224,57.9712],[99.0237,57.9384],[99.0581,57.9377],[99.0661,57.8181],[99.2557,57.8169],[99.2553,57.7793],[99.3445,57.798],[99.3943,57.7826],[99.4335,57.7893],[99.4585,57.8088],[99.4417,57.828],[99.4829,57.8391],[99.4761,57.8629],[99.4989,57.8838],[99.4836,57.8997],[99.5337,57.9114],[99.5072,57.9361],[99.5612,57.9372],[99.6048,57.9919],[99.6386,57.9932],[99.6324,58.0077],[99.649,58.0269],[99.6329,58.0533],[99.6588,58.0731],[99.7577,58.0842],[99.8016,58.0569],[99.9473,58.0833],[100.0724,58.074],[100.091,58.0686],[100.0752,58.0522],[100.0919,58.0507],[100.0995,58.0358],[100.0801,58.022],[100.0887,58.0115],[100.0659,58.0031],[100.0817,57.9905],[100.064,57.9771],[100.0905,57.9679],[100.0748,57.9603],[100.0806,57.9452],[100.1294,57.9195],[100.1289,57.8824],[100.1477,57.8706],[100.1367,57.8562],[100.1911,57.8327],[100.2221,57.8359],[100.265,57.8113],[100.3145,57.806],[100.2909,57.7942],[100.2852,57.7686],[100.3266,57.7579],[100.3288,57.7475],[100.38,57.7416],[100.3228,57.6844],[100.3833,57.6673],[100.3524,57.6368],[100.3813,57.6258],[100.3874,57.6061],[100.4275,57.5825],[100.4081,57.571],[100.4033,57.5518],[100.472,57.5163],[100.4932,57.5176],[100.5156,57.494],[100.674,57.4605],[100.7193,57.4129],[100.7648,57.3999],[100.7587,57.4059],[100.7853,57.4085],[100.8064,57.4409],[100.8557,57.4641],[100.8862,57.4569],[100.8835,57.4469],[100.913,57.4534],[100.9225,57.4443],[100.9554,57.4829],[100.9708,57.4834],[100.9697,57.4944],[100.9401,57.5022],[100.9563,57.5039],[100.9425,57.5185],[100.9619,57.5257],[100.9434,57.5331],[100.9611,57.5458],[100.9408,57.554],[100.9556,57.5578],[100.94,57.5646],[100.9456,57.5777],[100.9274,57.5724],[100.8972,57.5917],[100.8784,57.5887],[100.8137,57.6376],[100.8477,57.649],[100.814,57.667],[100.8217,57.6776],[100.855,57.6778],[100.8393,57.6955],[100.856,57.7009],[100.8459,57.7107],[100.8895,57.7398],[100.9087,57.7714],[100.8679,57.7841],[100.8782,57.7914],[100.8521,57.809],[100.8705,57.8189],[100.8508,57.824],[100.8552,57.8525],[100.8186,57.8754],[100.8731,57.8785],[100.9339,57.861],[101.0055,57.8727],[101.0391,57.9027],[101.022,57.9109],[101.0444,57.9187],[101.0395,57.9307],[101.1386,57.9682],[101.1474,57.9753],[101.1303,57.9839],[101.1612,58.0037],[101.1514,58.012],[101.17,58.0374],[101.1204,58.0621],[101.1077,58.1027],[101.2181,58.1368],[101.2595,58.1656],[101.2712,58.1933],[101.2909,58.1909],[101.3638,58.2327],[101.4981,58.2297],[101.5311,58.2417],[101.5537,58.2556],[101.5561,58.2753],[101.6248,58.3128],[101.6431,58.3395],[101.6696,58.3425],[101.6596,58.3486],[101.6814,58.3611],[101.669,58.3688],[101.6998,58.4111],[101.7913,58.4533],[101.8913,58.4607],[101.9543,58.4795],[102.0082,58.4756],[102.0287,58.4921],[102.1022,58.489],[102.1121,58.5022],[102.2023,58.5222],[102.2504,58.5484],[102.2497,58.5632],[102.2826,58.5615],[102.2766,58.575],[102.2987,58.5851],[102.2766,58.5941],[102.299,58.6003],[102.2933,58.6104],[102.3313,58.6327],[102.3314,58.6461],[102.392,58.6635],[102.395,58.6792],[102.4393,58.6721],[102.4548,58.6952],[102.521,58.7083],[102.5446,58.7338],[102.5694,58.7396],[102.5484,58.765],[102.5815,58.79],[102.5467,58.8252],[102.5656,58.8397],[102.5424,58.848],[102.5583,58.8676],[102.5359,58.8823],[102.5612,58.905],[102.5105,58.9085],[102.4811,58.9266],[102.4846,58.9367],[102.4425,58.9429],[102.456,58.9808],[102.4355,58.9911],[102.4796,58.9949],[102.4936,59.0085],[102.4729,59.0226],[102.4375,59.0222],[102.4493,59.0326],[102.4401,59.0394],[102.4613,59.0509],[102.4263,59.0607],[102.4026,59.0835],[102.4387,59.1158],[102.4197,59.1276],[102.4375,59.1364],[102.4252,59.1442],[102.4639,59.1525],[102.4944,59.1797],[102.4832,59.2003],[102.4411,59.2147],[102.4661,59.2378],[102.5323,59.2497],[102.5155,59.2549],[102.5258,59.2623],[102.5126,59.277],[102.5325,59.2942],[102.4971,59.3339],[102.4871,59.3896],[102.5085,59.4083],[102.5731,59.4094],[102.6415,59.4344],[102.6437,59.4579],[102.5691,59.4784],[102.5295,59.4757],[102.523,59.4819],[102.5419,59.4932],[102.5088,59.5151],[102.4596,59.5251],[102.483,59.5574],[102.4576,59.587],[102.4604,59.6125],[102.5076,59.6267],[102.5042,59.6376],[102.4624,59.6386],[102.4435,59.6524],[102.3777,59.6511],[102.2369,59.5971],[102.1077,59.5939],[102.074,59.6263],[101.7874,59.6887],[101.8005,59.7137],[101.7296,59.7452],[101.5737,59.7459],[101.4711,59.7304],[101.4569,59.7228],[101.4704,59.6949],[101.454,59.6881],[101.3574,59.7052],[101.3109,59.6952],[101.2371,59.7136],[101.1778,59.7044],[101.0691,59.7286],[101.0255,59.7188],[100.9441,59.7724],[100.8656,59.7884],[100.7522,59.7699],[100.6551,59.7868],[100.6524,59.8011],[100.6262,59.8083],[100.5544,59.7931],[100.4969,59.8419],[100.4394,59.854],[100.4334,59.8657],[100.3155,59.8463],[100.1929,59.8607],[100.117,59.898],[100.0681,59.903],[100.1114,59.9581],[100.0876,59.9878],[100.0161,59.9788],[99.9554,59.945],[99.9153,59.9488],[99.8649,59.928],[99.8773,59.9016],[99.8123,59.8666],[99.8129,59.8499],[99.702,59.8115],[99.6973,59.7835],[99.6572,59.764],[99.6701,59.7554],[99.6447,59.7388],[99.6154,59.7425],[99.632,59.7404],[99.6282,59.7275],[99.6679,59.7249],[99.7358,59.6948],[99.821,59.6988],[99.8318,59.6837],[99.8664,59.694],[99.9304,59.675],[99.9127,59.6714],[99.9352,59.6556],[99.8946,59.6553],[99.8823,59.6287],[99.9346,59.6228],[99.9251,59.6151],[99.9373,59.6108],[99.9188,59.5982],[99.9301,59.5817],[100.0025,59.5476],[100.0436,59.5485],[100.0109,59.5072],[100.0336,59.4896],[100.0312,59.4792],[100.0783,59.4569],[100.1136,59.3914],[100.0914,59.317],[100.1142,59.2646],[100.117,59.2158],[100.0802,59.1598],[100.0807,59.1348],[99.8803,59.0747],[99.8776,59.0952],[99.8158,59.0726],[99.6563,59.1469],[99.6469,59.1619],[99.4936,59.1649],[99.4202,59.1779],[99.4196,59.2068],[99.3662,59.207],[99.3706,59.1617],[99.3268,59.1446],[99.3018,59.1479],[99.2845,59.1075],[99.2484,59.0968],[99.2192,59.1033],[99.2164,59.0947],[99.2343,59.0895],[99.2124,59.0869],[99.2071,59.0683],[99.1575,59.0643],[99.1587,59.0465],[99.0693,59.0167],[99.0747,58.999],[99.062,58.9925],[99.0722,58.9856],[98.9557,58.9871],[98.9231,58.9757],[98.9225,58.9655],[98.8934,58.9742],[98.903,58.9803],[98.8936,58.9846],[98.8706,58.9744],[98.8804,58.9657],[98.8074,58.9629],[98.7782,58.9384],[98.7593,58.9505],[98.7491,58.9405],[98.7672,58.9359],[98.7567,58.932],[98.7384,58.9376],[98.7377,58.9517],[98.6884,58.9667],[98.4979,58.9896],[98.3672,58.8543],[98.3901,58.849],[98.3835,58.8413],[98.3934,58.835],[98.5216,58.832],[98.5887,58.8179],[98.603,58.8011],[98.6608,58.8034],[98.6873,58.7861],[98.6767,58.7684],[98.7345,58.7348],[98.7141,58.7221],[98.7319,58.7129],[98.7205,58.7032],[98.7398,58.6817],[98.7896,58.6775],[98.7086,58.6471],[98.66,58.5999],[98.686,58.5923],[98.6597,58.5588],[98.6857,58.5336],[98.6824,58.5815],[98.7817,58.631],[98.9802,58.6528],[99.0186,58.6886],[99.1199,58.6449],[99.1015,58.6347],[99.064,58.5639],[99.1375,58.5422],[99.1586,58.5246],[99.0697,58.5283],[99.0582,58.4644]]]]}},{"type":"Feature","id":1162689,"properties":{"id":"1162689","name":"Богучанский муниципальный округ"},"geometry":{"type":"MultiPolygon","coordinates":[[[[98.66,58.5999],[98.686,58.5923],[98.6597,58.5588],[98.6865,58.5335],[98.6824,58.5815],[98.7817,58.631],[98.9802,58.6528],[99.0186,58.6886],[99.1199,58.6449],[99.1015,58.6347],[99.064,58.5639],[99.1375,58.5422],[99.1586,58.5246],[99.0697,58.5283],[99.0607,58.3919],[99.1269,58.365],[99.1676,58.3191],[99.2102,58.3182],[99.2443,58.3009],[99.2463,58.2634],[99.2731,58.2389],[99.4159,58.2613],[99.5305,58.1872],[99.5754,58.1867],[99.5517,58.1704],[99.5601,58.1551],[99.5005,58.128],[99.5644,58.082],[99.557,58.0707],[99.571,58.0254],[99.4656,57.9736],[99.2096,57.9613],[99.1882,58.0198],[99.0518,58.074],[99.0422,58.1414],[98.9891,58.1531],[98.9873,58.1853],[99.0202,58.1859],[99.0202,58.2205],[98.907,58.2216],[98.8773,58.2414],[98.8564,58.2233],[98.8424,58.2228],[98.8403,58.2407],[98.8235,58.224],[98.7558,58.2225],[98.7551,58.2554],[98.7303,58.2555],[98.7394,58.2242],[98.6943,58.2182],[98.6908,58.1114],[98.7856,58.1118],[98.7895,58.0409],[98.9231,58.0415],[98.9236,57.9987],[98.9836,57.9996],[98.9831,57.9712],[99.0224,57.9712],[99.0237,57.9384],[99.0581,57.9377],[99.0661,57.8181],[99.2557,57.8169],[99.2553,57.7793],[99.2045,57.761],[99.0866,57.7781],[99.0399,57.7455],[98.9967,57.7402],[98.9809,57.718],[98.9284,57.7259],[98.9043,57.7114],[98.8842,57.7287],[98.8455,57.7294],[98.8444,57.753],[98.8014,57.7548],[98.79,57.7627],[98.794,57.782],[98.7475,57.797],[98.6952,57.7769],[98.6358,57.7723],[98.4914,57.7964],[98.2525,57.8065],[98.1087,57.8287],[97.9528,57.8304],[97.4209,57.1322],[97.2142,57.2231],[97.1388,57.2756],[96.7875,57.4321],[96.7198,57.4337],[96.5331,57.4689],[96.4411,57.4506],[96.4039,57.4647],[96.3023,57.4436],[96.2046,57.5328],[96.1751,57.5368],[96.135,57.5746],[96.0857,57.5721],[96.005,57.5399],[95.6694,57.5098],[95.6556,57.5204],[95.6665,57.5327],[95.6418,57.5514],[95.6714,57.5605],[95.6619,57.5726],[95.6986,57.5949],[95.6381,57.6179],[95.6486,57.648],[95.6146,57.6801],[95.5489,57.706],[95.4779,57.7098],[95.4603,57.721],[95.3204,57.7124],[95.2539,57.7246],[95.2121,57.7463],[95.2341,57.7505],[95.2479,57.7732],[95.2657,57.7757],[95.2591,57.7835],[95.3124,57.8148],[95.3182,57.8637],[95.2902,57.8785],[95.3028,57.8932],[95.2988,57.918],[95.3223,57.9214],[95.3039,57.9365],[95.3249,57.9518],[95.3135,57.9677],[95.3528,57.9804],[95.3592,57.9965],[95.4469,58.0166],[95.4249,58.0581],[95.4715,58.0782],[95.4598,58.0913],[95.4773,58.1005],[95.4694,58.1206],[95.4955,58.1362],[95.5237,58.4598],[95.4683,58.5228],[95.4227,58.5389],[95.4408,58.5666],[95.4202,58.6067],[95.5853,58.7706],[95.5061,58.7897],[95.4598,58.7584],[95.4497,58.7732],[95.4204,58.7772],[95.4357,58.8044],[95.3668,58.8148],[95.3698,58.8287],[95.4174,58.8449],[95.4188,58.862],[95.3936,58.8789],[95.4244,58.8703],[95.4174,58.9143],[95.436,58.9312],[95.4105,58.9442],[95.4504,58.9865],[95.4042,59.0049],[95.2921,59.0111],[95.3111,59.027],[95.251,59.0403],[95.2357,59.0557],[95.253,59.0701],[95.2207,59.1063],[95.2321,59.1209],[95.1632,59.156],[95.2016,59.178],[95.2044,59.1924],[95.2589,59.1786],[95.245,59.1853],[95.2468,59.2218],[95.2635,59.2197],[95.2584,59.2032],[95.2932,59.1916],[95.3722,59.1986],[95.4153,59.2313],[95.3919,59.2549],[95.4388,59.2679],[95.4347,59.281],[95.4581,59.2784],[95.4828,59.3001],[95.4768,59.3128],[95.5402,59.3353],[95.5529,59.328],[95.5364,59.3175],[95.5707,59.3218],[95.5363,59.3514],[95.5962,59.3612],[95.6076,59.3812],[95.6416,59.3911],[95.6275,59.407],[95.6637,59.4081],[95.6452,59.4218],[95.6744,59.4162],[95.6657,59.4322],[95.685,59.4361],[95.6663,59.4411],[95.6902,59.4607],[95.6735,59.4659],[95.7064,59.4795],[95.6846,59.4885],[95.6969,59.5026],[95.6801,59.5124],[95.7204,59.5455],[95.727,59.567],[95.761,59.577],[95.7565,59.5963],[95.7833,59.6124],[95.9557,59.6332],[96.017,59.57],[96.0601,59.561],[96.1267,59.5671],[96.2391,59.6315],[96.277,59.6197],[96.2589,59.5996],[96.2748,59.5763],[96.3308,59.555],[96.3324,59.5307],[96.294,59.5082],[96.3523,59.4758],[96.4505,59.4777],[96.5548,59.5441],[96.6736,59.5388],[96.7849,59.5548],[96.8278,59.5432],[96.9051,59.5566],[96.9615,59.5441],[97.0344,59.5046],[97.1158,59.5049],[97.2201,59.538],[97.2143,59.5464],[97.2303,59.556],[97.2319,59.5753],[97.1887,59.5907],[97.1982,59.6195],[97.2765,59.6417],[97.2896,59.6592],[97.3591,59.6648],[97.423,59.6943],[97.4185,59.7023],[97.4404,59.7123],[97.439,59.7285],[97.4575,59.7351],[97.5002,59.7354],[97.5776,59.7047],[97.6956,59.6843],[97.7567,59.6896],[97.7891,59.7086],[97.9208,59.7063],[97.9275,59.7223],[97.9516,59.7306],[98.0506,59.728],[98.0775,59.7431],[98.0734,59.7518],[98.1265,59.7732],[98.217,59.7589],[98.264,59.7273],[98.3361,59.7276],[98.358,59.7511],[98.4439,59.7908],[98.5117,59.7718],[98.5449,59.7792],[98.6052,59.7671],[98.6424,59.7891],[98.7937,59.7935],[98.8299,59.8204],[98.8828,59.8321],[98.9011,59.8062],[98.9361,59.7962],[98.9281,59.7844],[98.9369,59.7712],[98.9999,59.7766],[99.0245,59.8147],[99.098,59.8439],[99.1039,59.8656],[99.0847,59.8849],[99.1149,59.9119],[99.2232,59.968],[99.3127,59.9832],[99.3348,60.0065],[99.4055,60.0327],[99.4167,60.0583],[99.3934,60.0793],[99.4733,60.0944],[99.5777,60.0935],[99.6217,60.1194],[99.6651,60.1181],[99.7168,60.0869],[99.7897,60.0769],[99.8445,60.0859],[99.8413,60.057],[99.877,60.0584],[99.8893,60.0428],[99.962,60.0428],[99.9676,60.0271],[99.9999,60.0128],[100.0876,59.9878],[100.0161,59.9788],[99.9554,59.945],[99.9153,59.9488],[99.8649,59.928],[99.8773,59.9016],[99.8123,59.8666],[99.8129,59.8499],[99.702,59.8115],[99.6973,59.7835],[99.6572,59.764],[99.6701,59.7554],[99.6447,59.7388],[99.6154,59.7425],[99.632,59.7404],[99.6282,59.7275],[99.6679,59.7249],[99.7358,59.6948],[99.821,59.6988],[99.8318,59.6837],[99.8664,59.694],[99.9304,59.675],[99.9127,59.6714],[99.9352,59.6556],[99.8946,59.6553],[99.8823,59.6287],[99.9346,59.6228],[99.9251,59.6151],[99.9373,59.6108],[99.9188,59.5982],[99.9301,59.5817],[100.0025,59.5476],[100.0436,59.5485],[100.0109,59.5072],[100.0336,59.4896],[100.0312,59.4792],[100.0783,59.4569],[100.1136,59.3914],[100.0914,59.317],[100.1142,59.2646],[100.117,59.2158],[100.0802,59.1598],[100.0807,59.1348],[99.8803,59.0747],[99.8776,59.0952],[99.8158,59.0726],[99.6563,59.1469],[99.6469,59.1619],[99.4936,59.1649],[99.4202,59.1779],[99.4196,59.2068],[99.3662,59.207],[99.3706,59.1617],[99.3268,59.1446],[99.3018,59.1479],[99.2845,59.1075],[99.2484,59.0968],[99.2192,59.1033],[99.2164,59.0947],[99.2343,59.0895],[99.2124,59.0869],[99.2071,59.0683],[99.1575,59.0643],[99.1587,59.0465],[99.0693,59.0167],[99.0689,58.9847],[98.9557,58.9871],[98.9231,58.9757],[98.9225,58.9655],[98.8934,58.9742],[98.903,58.9803],[98.8936,58.9846],[98.8706,58.9744],[98.8804,58.9657],[98.8074,58.9629],[98.7782,58.9384],[98.7593,58.9505],[98.7491,58.9405],[98.7672,58.9359],[98.7567,58.932],[98.7384,58.9376],[98.7377,58.9517],[98.6884,58.9667],[98.4979,58.9896],[98.3672,58.8543],[98.3901,58.849],[98.3835,58.8413],[98.3934,58.835],[98.5216,58.832],[98.5887,58.8179],[98.603,58.8011],[98.6608,58.8034],[98.6873,58.7861],[98.6767,58.7684],[98.7345,58.7348],[98.7141,58.7221],[98.7319,58.7129],[98.7205,58.7032],[98.7398,58.6817],[98.7896,58.6775],[98.7086,58.6471],[98.66,58.5999]]]]}},{"type":"Feature","id":1164603,"properties":{"id":"1164603","name":"Северо-Енисейский муниципальный округ"},"geometry":{"type":"MultiPolygon","coordinates":[[[[95.0338,59.987],[95.025,59.9676],[95.052,59.941],[95.0657,59.8937],[95.1245,59.8681],[95.1329,59.8317],[95.1801,59.806],[95.1794,59.7894],[95.1451,59.7788],[95.1407,59.7571],[95.1514,59.7569],[95.1423,59.7543],[95.173,59.7355],[95.1582,59.7237],[95.213,59.7006],[95.1991,59.689],[95.2268,59.6728],[95.2164,59.6594],[95.2491,59.6505],[95.2388,59.6454],[95.2474,59.6376],[95.1964,59.6249],[95.2332,59.6133],[95.2075,59.6047],[95.222,59.599],[95.1942,59.5937],[95.1748,59.5708],[95.1499,59.5688],[95.162,59.5489],[95.0773,59.5388],[95.0376,59.5082],[94.9989,59.5118],[94.9781,59.4969],[94.9841,59.4851],[94.9626,59.4793],[94.969,59.4691],[94.932,59.4688],[94.9164,59.4502],[94.8677,59.4483],[94.796,59.421],[94.8073,59.4009],[94.7712,59.3838],[94.7809,59.3626],[94.7555,59.3626],[94.7357,59.3451],[94.715,59.2787],[94.673,59.2785],[94.6548,59.2619],[94.6327,59.2799],[94.5164,59.2906],[94.5038,59.3075],[94.468,59.304],[94.4816,59.3158],[94.3914,59.3147],[94.3825,59.3255],[94.3971,59.347],[94.3592,59.3419],[94.3305,59.3549],[94.3181,59.3474],[94.3352,59.3373],[94.3036,59.3296],[94.2748,59.3422],[94.2468,59.3287],[94.198,59.3327],[94.1813,59.3221],[94.1929,59.3102],[94.1847,59.3053],[94.2357,59.2909],[94.2311,59.2762],[94.2842,59.2559],[94.2758,59.226],[94.3076,59.2072],[94.2728,59.1948],[94.2846,59.1739],[94.2398,59.1805],[94.2194,59.1357],[94.2251,59.1152],[94.1932,59.0724],[94.1999,59.0663],[94.1307,59.036],[94.1281,59.0106],[94.1032,58.9906],[94.0979,58.9681],[94.0041,58.9427],[94.0069,58.9068],[94.0218,58.89],[94.0112,58.8799],[93.877,58.843],[93.7833,58.8489],[93.7747,58.8395],[93.7819,58.808],[93.7554,58.7858],[93.5981,58.739],[93.539,58.7521],[93.5001,58.725],[93.4704,58.7238],[93.4302,58.7297],[93.4149,58.7522],[93.3829,58.76],[93.3573,58.7518],[93.3137,58.6721],[93.3203,58.6468],[93.2691,58.6337],[93.2544,58.6161],[93.2585,58.6004],[93.2396,58.594],[93.241,58.5723],[93.2113,58.5569],[93.2237,58.548],[93.2055,58.542],[93.2002,58.525],[93.1379,58.5214],[93.0666,58.4748],[93.0066,58.5398],[92.9692,58.5519],[92.9462,58.6273],[92.8908,58.7107],[92.8532,58.702],[92.8373,58.6763],[92.7829,58.6727],[92.7024,58.6949],[92.6583,58.6744],[92.6357,58.6827],[92.5587,58.6666],[92.484,58.6784],[92.3904,58.6705],[92.3366,58.6876],[92.192,58.9445],[92.1625,59.0122],[92.1528,59.1301],[92.0949,59.2123],[92.057,59.2442],[91.8124,59.3526],[91.6403,59.3981],[91.4113,59.5897],[91.2745,59.7153],[91.2999,59.7256],[91.3127,59.7702],[91.274,59.8132],[91.2769,59.8296],[91.2978,59.8411],[91.2875,59.8514],[91.3049,59.8686],[91.3126,59.9132],[91.2344,59.9673],[91.1771,59.9737],[91.1722,59.9849],[91.2013,60.0278],[91.2263,60.0412],[91.2101,60.0579],[91.2733,60.11],[91.2736,60.1359],[91.343,60.1585],[91.3434,60.1715],[91.3988,60.2077],[91.3805,60.2274],[91.4443,60.2687],[91.4297,60.2983],[91.4832,60.3625],[91.4706,60.3642],[91.4841,60.3805],[91.4524,60.4173],[91.4887,60.4196],[91.4876,60.4327],[91.5038,60.4376],[91.5663,60.4271],[91.603,60.4474],[91.6122,60.4744],[91.5814,60.4841],[91.6309,60.4926],[91.68,60.5483],[91.7491,60.579],[91.7382,60.6163],[91.7201,60.63],[91.8187,60.6598],[91.8423,60.7021],[91.8977,60.7155],[91.8838,60.7246],[91.8978,60.7358],[91.9528,60.7466],[92.065,60.8128],[92.0879,60.8101],[92.1345,60.8325],[92.1289,60.8912],[92.1783,60.9192],[92.1634,60.9342],[92.189,60.9331],[92.2305,60.9544],[92.2146,60.9751],[92.2238,60.987],[92.4086,60.9731],[92.4711,61.0006],[92.4316,61.015],[92.4277,61.0273],[92.4458,61.0307],[92.4307,61.0393],[92.4353,61.0602],[92.4139,61.0734],[92.3932,61.1139],[92.4229,61.1288],[92.3992,61.1531],[92.4336,61.1819],[92.4692,61.2007],[92.5472,61.1995],[92.5938,61.1797],[92.6284,61.1461],[92.6856,61.1335],[92.7582,61.0919],[92.8974,61.0706],[92.8859,61.0992],[92.872,61.1001],[92.9238,61.1089],[92.9057,61.1239],[92.9347,61.1282],[92.8825,61.1417],[92.8784,61.1872],[92.8389,61.2069],[92.7846,61.212],[92.7828,61.2238],[92.8268,61.2305],[92.6444,61.2862],[92.623,61.3105],[92.675,61.3233],[92.7117,61.3177],[92.8293,61.3653],[92.9296,61.3365],[92.9746,61.3451],[93.008,61.3689],[93.172,61.319],[93.148,61.3035],[93.163,61.2848],[93.1491,61.2648],[93.1602,61.2477],[93.3224,61.1374],[93.3398,61.1061],[93.4717,61.087],[93.5303,61.1092],[93.5682,61.1094],[93.6392,61.0895],[93.6928,61.0525],[93.7323,61.0432],[93.9209,61.063],[93.9724,61.0346],[93.9768,61.008],[94.0248,60.9657],[94.0355,60.9667],[94.0329,60.9805],[94.0981,60.9995],[94.0857,61.0241],[94.1244,61.0405],[94.1398,61.0624],[94.1335,61.0692],[94.2255,61.0913],[94.2451,61.1242],[94.3815,61.1229],[94.5059,61.1578],[94.546,61.1811],[94.5829,61.163],[94.6154,61.1678],[94.6423,61.1563],[94.7279,61.1634],[94.7352,61.1496],[94.7853,61.1487],[94.8217,61.129],[94.8832,61.1307],[94.9194,61.108],[95.1028,61.101],[95.1238,61.0878],[95.1191,61.0727],[95.1521,61.0673],[95.2378,60.9948],[95.3262,60.965],[95.3057,60.95],[95.3103,60.938],[95.3632,60.9262],[95.3681,60.9026],[95.3983,60.8696],[95.388,60.8555],[95.4008,60.8399],[95.3944,60.8305],[95.4184,60.8161],[95.3687,60.789],[95.3294,60.7476],[95.3929,60.7472],[95.457,60.7274],[95.4838,60.7119],[95.4891,60.6891],[95.4325,60.6746],[95.3941,60.6388],[95.3336,60.6137],[95.3095,60.5805],[95.2381,60.5601],[95.2522,60.54],[95.2294,60.5149],[95.2314,60.5011],[95.2824,60.478],[95.2969,60.4478],[95.2663,60.4156],[95.1144,60.4113],[95.0247,60.3657],[95.0269,60.3454],[94.9864,60.329],[94.9973,60.3133],[94.9696,60.2999],[94.9638,60.2702],[94.9336,60.2354],[94.9689,60.2084],[95.0229,60.2004],[95.0024,60.1651],[94.9885,60.1617],[94.9947,60.1298],[94.9815,60.1154],[95.0755,60.0691],[95.0886,60.0493],[95.0777,60.0296],[95.0112,60.0062],[95.0338,59.987]]]]}},{"type":"Feature","id":1164624,"properties":{"id":"1164624","name":"Туруханский муниципальный округ"},"geometry":{"type":"MultiPolygon","coordinates":[[[[91.6893,63.198],[91.6966,63.2039],[91.6838,63.2268],[91.7013,63.2419],[91.6918,63.2505],[91.7324,63.2717],[91.6911,63.3075],[91.6647,63.3102],[91.6579,63.328],[91.6713,63.3438],[91.6654,63.357],[91.7271,63.387],[91.7369,63.4065],[91.7756,63.4095],[91.7978,63.4314],[91.794,63.468],[91.7698,63.4819],[91.7919,63.4858],[91.7887,63.5174],[91.7646,63.525],[91.8859,63.566],[91.8765,63.5776],[91.8919,63.5816],[91.8945,63.6076],[91.9298,63.6315],[92.124,63.646],[92.1694,63.7004],[92.2262,63.7221],[92.2405,63.7486],[92.2038,63.7948],[92.189,63.8792],[92.0666,63.912],[92.0205,63.9045],[91.8994,63.9331],[91.9867,63.9915],[92.0042,64.009],[91.9962,64.0157],[92.0275,64.0189],[92.0716,64.051],[92.0783,64.0912],[92.0545,64.1067],[92.0835,64.1427],[92.0424,64.1514],[92.0002,64.1381],[91.9343,64.1384],[91.907,64.1673],[91.907,64.188],[91.8723,64.2037],[91.786,64.2028],[91.738,64.2211],[91.732,64.2363],[91.7617,64.2429],[91.7904,64.2622],[91.7923,64.2764],[91.7116,64.2975],[91.7343,64.3372],[91.7257,64.3622],[91.6973,64.3691],[91.5215,64.3727],[91.4306,64.357],[91.2906,64.379],[91.2258,64.343],[91.1068,64.3336],[91.0741,64.3607],[91.1108,64.3684],[91.1018,64.3789],[91.1154,64.3892],[91.0242,64.4052],[90.9663,64.435],[90.9243,64.4189],[90.8551,64.4225],[90.8023,64.3989],[90.7253,64.3986],[90.7152,64.4102],[90.7303,64.4193],[90.7164,64.4297],[90.7872,64.4419],[90.793,64.4544],[90.7251,64.4762],[90.6368,64.4548],[90.6002,64.4671],[90.6305,64.4859],[90.6211,64.5023],[90.6845,64.5552],[90.6854,64.5721],[90.6489,64.579],[90.6346,64.5943],[90.5911,64.5795],[90.5028,64.6053],[90.4535,64.5695],[90.5005,64.5427],[90.5082,64.5235],[90.4854,64.5033],[90.3979,64.4891],[90.3691,64.509],[90.2904,64.5281],[90.2591,64.5542],[90.215,64.5575],[90.2199,64.5837],[90.1499,64.6188],[90.0971,64.6146],[90.1309,64.6521],[90.0761,64.6676],[90.0955,64.6839],[90.1293,64.6872],[90.1187,64.6988],[90.1418,64.7094],[90.1036,64.7413],[90.0445,64.7406],[90.0271,64.723],[90.0493,64.7027],[89.9685,64.686],[89.9038,64.6911],[89.8686,64.6804],[89.8103,64.6902],[89.7855,64.6747],[89.7546,64.688],[89.7406,64.7087],[89.7639,64.7185],[89.7659,64.7388],[89.7987,64.7486],[89.8068,64.7693],[89.7901,64.7832],[89.8042,64.8053],[89.7627,64.8202],[89.5958,64.793],[89.5502,64.7698],[89.41,64.7597],[89.4143,64.7688],[89.4006,64.7575],[89.3094,64.7567],[89.2827,64.7416],[89.2602,64.7503],[89.1538,64.7419],[89.1439,64.7506],[89.1531,64.7568],[89.1159,64.7642],[89.1328,64.7825],[89.0888,64.8023],[89.1162,64.813],[89.1174,64.8622],[89.1539,64.8684],[89.1445,64.8957],[89.1697,64.8988],[89.1883,64.9251],[89.2363,64.9447],[89.269,64.9871],[89.3226,65.0008],[89.3122,65.0096],[89.3933,65.0219],[89.3841,65.0303],[89.437,65.0935],[89.5201,65.1174],[89.4408,65.1615],[89.4557,65.1954],[89.3894,65.1895],[89.3677,65.2144],[89.5009,65.2815],[89.4713,65.2966],[89.4486,65.3271],[89.423,65.3327],[89.3196,65.317],[89.2114,65.3183],[89.2952,65.3588],[89.2046,65.399],[89.1749,65.4338],[89.1752,65.4646],[89.1472,65.4595],[89.0833,65.4766],[89.0131,65.4584],[88.9089,65.4763],[88.8397,65.4593],[88.786,65.4673],[88.7713,65.4904],[88.7359,65.5012],[88.7565,65.5182],[88.7248,65.5264],[88.6481,65.5216],[88.5929,65.4984],[88.5625,65.5062],[88.5668,65.5258],[88.5948,65.5358],[88.5883,65.5434],[88.6261,65.5562],[88.6202,65.6055],[88.6697,65.6493],[88.7092,65.6521],[88.7792,65.6939],[88.8162,65.7404],[88.8052,65.7471],[88.8106,65.7628],[88.8893,65.7745],[88.995,65.8117],[89.0097,65.8477],[89.0567,65.8641],[89.045,65.8726],[89.0538,65.8797],[89.0381,65.9083],[89.0485,65.9215],[89.0283,65.9441],[89.0334,65.9535],[88.9955,65.9644],[88.9868,65.9782],[89.0108,65.9925],[88.997,66.0235],[89.012,66.0314],[88.9955,66.0461],[88.9634,66.0479],[88.9843,66.0741],[88.9447,66.0804],[88.9299,66.1021],[88.979,66.1017],[88.9879,66.1255],[88.9334,66.1311],[88.9606,66.136],[88.9528,66.1471],[88.9735,66.1537],[88.9646,66.1625],[89.0022,66.1645],[88.9769,66.1805],[89.04,66.2036],[89.0244,66.2352],[88.9948,66.2559],[89.037,66.2668],[89.0319,66.286],[89.0683,66.2984],[89.0623,66.3182],[89.1032,66.3378],[89.1131,66.3599],[89.0773,66.3794],[89.1329,66.3988],[89.1614,66.4326],[89.3757,66.4378],[89.4834,66.4533],[89.5772,66.4471],[89.7445,66.4083],[89.8009,66.409],[89.7989,66.3898],[89.8198,66.3829],[89.8615,66.4776],[89.8727,66.5902],[90.0879,66.6515],[90.47,66.8536],[90.6898,66.9551],[90.7593,67.0008],[90.7847,67.067],[90.9331,67.204],[91.0532,67.2773],[91.1715,67.316],[91.2571,67.3789],[91.2529,67.3951],[91.2994,67.401],[91.2933,67.4228],[91.309,67.4386],[91.2971,67.45],[91.2467,67.4528],[91.2489,67.4658],[91.2012,67.4846],[91.1292,67.4909],[91.0811,67.462],[90.9909,67.4554],[90.9627,67.4226],[90.9362,67.4147],[90.7902,67.4259],[90.5921,67.3794],[90.2026,67.4371],[90.1465,67.4597],[90.0206,67.4712],[89.6392,67.4389],[89.5268,67.4069],[89.2765,67.5108],[89.1586,67.4667],[89.1644,67.4251],[89.1178,67.3838],[89.0672,67.3699],[88.8817,67.3696],[88.7229,67.4075],[88.6443,67.4054],[88.5628,67.3744],[88.3541,67.4047],[88.2803,67.3924],[88.2369,67.4033],[88.1625,67.3748],[88.1183,67.3742],[88.0678,67.3963],[88.0562,67.4251],[87.9572,67.4229],[87.8897,67.3611],[87.8551,67.3477],[87.4678,67.3463],[87.4125,67.3845],[86.8364,67.6485],[86.5414,68.1123],[86.4239,68.1117],[85.8402,68.0708],[85.6714,68.0349],[85.6984,68.0231],[85.6789,68.0065],[85.6971,68.0012],[85.6935,67.9924],[85.7091,67.9849],[85.7015,67.979],[85.7153,67.9738],[85.6798,67.9533],[85.6953,67.9463],[85.688,67.9288],[85.6994,67.9216],[85.6519,67.9067],[85.5423,67.9144],[85.5145,67.8846],[85.4711,67.871],[85.4736,67.8578],[85.4267,67.8183],[85.4538,67.8075],[85.3113,67.7914],[85.3163,67.7819],[85.287,67.7607],[85.2933,67.7487],[85.2575,67.7449],[85.2586,67.733],[85.2124,67.72],[85.2063,67.7076],[85.1505,67.7012],[85.154,67.6881],[85.2132,67.6777],[85.2199,67.6582],[85.2467,67.6457],[85.3691,67.6348],[85.3694,67.617],[85.3398,67.607],[85.3467,67.5879],[85.3149,67.5606],[85.2702,67.5464],[85.2581,67.5589],[85.1998,67.5656],[85.1945,67.554],[85.2223,67.5463],[85.1191,67.5244],[85.1095,67.5116],[85.0654,67.5157],[85.0545,67.5046],[85.1028,67.4973],[85.0243,67.4564],[84.998,67.43],[85.0077,67.4112],[84.9346,67.4117],[84.888,67.3893],[84.9394,67.3564],[85.1902,67.3501],[85.0889,67.3275],[85.086,67.3119],[85.0536,67.3182],[85.037,67.3039],[85.0588,67.2891],[85.0475,67.2802],[84.9437,67.2557],[84.9316,67.2378],[84.8565,67.2288],[84.8679,67.2244],[84.8554,67.2178],[84.7794,67.2148],[84.6902,67.2348],[84.711,67.252],[84.6884,67.2646],[84.6977,67.2719],[84.683,67.2711],[84.69,67.2838],[84.6737,67.2844],[84.6839,67.2893],[84.6562,67.2983],[84.6802,67.3134],[84.6435,67.307],[84.6535,67.323],[84.5763,67.3407],[84.5929,67.3508],[84.5151,67.3502],[84.5202,67.3423],[84.4969,67.338],[84.4275,67.3466],[84.4339,67.3581],[84.4079,67.3816],[84.4143,67.3879],[84.359,67.4334],[84.3986,67.4362],[84.4027,67.4469],[84.3905,67.455],[84.4222,67.4572],[84.393,67.4749],[84.4126,67.4803],[84.4018,67.4987],[84.2348,67.4977],[84.2274,67.5192],[84.2038,67.5328],[84.2158,67.5553],[84.1917,67.5716],[84.1471,67.5735],[84.1693,67.5936],[84.1186,67.611],[84.1263,67.6224],[84.0345,67.644],[84.0366,67.626],[83.9803,67.6311],[84.0028,67.6229],[83.991,67.6175],[83.9497,67.6156],[83.8761,67.64],[83.8107,67.6248],[83.8035,67.6133],[83.7608,67.6156],[83.7943,67.6371],[83.7798,67.653],[83.8044,67.6589],[83.7969,67.6676],[83.8126,67.6812],[83.7842,67.684],[83.7971,67.6927],[83.7724,67.7029],[83.7798,67.7255],[83.7518,67.7366],[83.7418,67.7611],[83.713,67.7683],[83.7379,67.7813],[83.6907,67.7849],[83.632,67.8197],[83.5513,67.8176],[83.4582,67.8514],[83.472,67.8746],[83.5078,67.8901],[83.5086,67.9062],[83.4722,67.9166],[83.4157,67.8974],[83.366,67.9111],[83.3653,67.9326],[83.3828,67.9515],[83.3649,67.9729],[83.3947,67.9893],[83.3289,67.9782],[83.2551,67.9971],[83.2437,67.9896],[83.2524,67.9646],[83.2402,67.9597],[83.2143,67.9623],[83.1923,67.9841],[83.134,67.962],[83.1114,67.9674],[83.1348,67.9954],[83.0963,68.0177],[83.1061,68.0336],[83.1445,68.0415],[83.2025,68.0323],[83.1722,68.05],[83.2742,68.0582],[83.2945,68.0839],[83.3394,68.0907],[83.3602,68.123],[83.3131,68.1433],[83.2979,68.1741],[83.2571,68.1898],[83.1486,68.1877],[83.1626,68.2037],[83.155,68.2154],[83.1851,68.2368],[83.1753,68.2627],[83.1456,68.28],[83.0694,68.2813],[82.9125,68.3243],[82.9018,68.331],[82.9077,68.3415],[82.7644,68.3832],[82.7348,68.4056],[82.714,68.4052],[82.6869,68.3339],[82.6419,68.2803],[82.5557,68.2623],[82.531,68.2047],[82.5522,68.1671],[82.4668,68.1554],[82.3374,68.1139],[82.3447,68.0894],[82.3798,68.0692],[82.3648,68.0239],[82.375,67.9921],[82.3979,67.9711],[82.362,67.9399],[82.0714,67.942],[81.9739,67.9595],[81.86,67.9455],[81.8274,67.9295],[81.7676,67.9475],[81.7387,67.9262],[81.7245,67.8928],[81.7836,67.8829],[81.7738,67.8615],[81.8765,67.8029],[81.8549,67.7984],[81.8707,67.7966],[81.8591,67.7928],[81.8704,67.7853],[81.9141,67.7869],[81.9084,67.7745],[81.973,67.7627],[81.9626,67.7524],[81.9865,67.7425],[82.0145,67.7539],[82.0233,67.7475],[82.015,67.7435],[82.0373,67.7412],[82.0281,67.7351],[82.0708,67.7338],[82.0522,67.7309],[82.0614,67.721],[82.0988,67.7197],[82.0916,67.7053],[82.0689,67.7034],[82.0791,67.6892],[82.0579,67.6845],[82.1104,67.688],[82.1052,67.6779],[82.06,67.6647],[82.0697,67.6538],[82.0424,67.6619],[82.0276,67.6446],[82.0558,67.6404],[82.0814,67.6164],[82.1152,67.6155],[82.1029,67.6068],[82.1249,67.6048],[82.1182,67.5945],[82.1676,67.5934],[82.1809,67.565],[82.2402,67.5657],[82.2256,67.5603],[82.2475,67.5588],[82.2391,67.5538],[82.2622,67.5377],[82.2874,67.5573],[82.3001,67.5539],[82.2855,67.5392],[82.2949,67.5326],[82.3662,67.5562],[82.3767,67.5521],[82.3382,67.5234],[82.3968,67.5257],[82.3841,67.5127],[82.4004,67.5025],[82.3406,67.4899],[82.3803,67.4819],[82.3927,67.4675],[82.3482,67.4773],[82.3305,67.4712],[82.3481,67.4589],[82.2895,67.4624],[82.3173,67.4459],[82.2835,67.4528],[82.2735,67.4482],[82.2926,67.4389],[82.2516,67.4322],[82.2759,67.433],[82.291,67.419],[82.2551,67.4226],[82.2318,67.4092],[82.2541,67.4039],[82.2656,67.3897],[82.2541,67.3829],[82.2822,67.3778],[82.2736,67.3722],[82.2899,67.3605],[82.3449,67.3566],[82.3299,67.3474],[82.2906,67.3542],[82.304,67.3333],[82.351,67.3433],[82.3345,67.3293],[82.3667,67.3196],[82.259,67.2946],[82.2256,67.2995],[82.2278,67.2834],[82.2808,67.2793],[82.24,67.2704],[82.1946,67.2829],[82.2113,67.2487],[82.1241,67.2443],[82.1164,67.2351],[82.1384,67.226],[82.1328,67.219],[82.7928,66.9794],[83.0262,66.8827],[83.0519,66.8502],[83.1237,66.8406],[83.188,66.783],[83.2012,66.7616],[83.1857,66.7552],[83.1961,66.7425],[83.2402,66.7267],[83.23,66.7181],[83.2361,66.7039],[83.2755,66.6929],[83.2857,66.6744],[83.2773,66.6668],[83.3277,66.6586],[83.3236,66.6445],[83.2766,66.6452],[83.2486,66.6205],[83.2022,66.6155],[83.1899,66.602],[83.0905,66.5947],[83.0735,66.4648],[83.1161,66.4038],[83.2569,66.3757],[83.5425,66.1837],[83.5454,66.1733],[83.5092,66.1517],[83.3519,66.1192],[83.367,66.0829],[83.3203,66.0798],[83.2669,66.0436],[83.3052,66.0403],[83.2949,66.0357],[83.3102,66.0292],[83.2969,66.0215],[83.3072,66.0082],[83.2939,66.0024],[83.3133,65.9991],[83.311,65.9863],[83.3489,65.9826],[83.3299,65.9801],[83.3694,65.969],[83.3767,65.9608],[83.3674,65.9565],[83.3951,65.9586],[83.4548,65.926],[83.5028,65.9248],[83.5515,65.9027],[83.5044,65.8812],[83.5012,65.8639],[83.5312,65.8485],[83.4735,65.8145],[83.5634,65.762],[83.7622,65.7894],[83.9997,65.7872],[84.0566,65.7411],[84.1515,65.6948],[84.2994,65.6861],[84.2853,65.6663],[84.2922,65.6523],[84.2717,65.6375],[84.2827,65.6176],[84.1686,65.5887],[84.2679,65.5729],[84.3376,65.5477],[84.4301,65.5444],[84.4368,65.5115],[84.4909,65.4917],[84.5279,65.4577],[84.5203,65.428],[84.4855,65.4087],[84.4934,65.3902],[84.5512,65.3494],[84.5498,65.3329],[84.5671,65.317],[84.5448,65.2484],[84.509,65.2308],[84.3978,65.2112],[84.2841,65.1021],[84.3008,65.0587],[84.3449,65.074],[84.3255,65.0833],[84.3324,65.0892],[84.3576,65.0788],[84.3504,65.0509],[84.3947,65.0573],[84.3623,65.0247],[84.3763,65.0143],[84.3579,65.0063],[84.361,64.9948],[84.3256,64.9957],[84.3543,64.978],[84.3168,64.9742],[84.3186,64.9552],[84.271,64.9362],[84.3028,64.9316],[84.3218,64.9201],[84.3177,64.9105],[84.3506,64.9199],[84.3819,64.8992],[84.4149,64.9199],[84.4079,64.9278],[84.4313,64.9053],[84.4458,64.9176],[84.4882,64.9102],[84.4991,64.9257],[84.544,64.9155],[84.5493,64.9279],[84.5872,64.9082],[84.6167,64.9307],[84.6283,64.9213],[84.6595,64.922],[84.6613,64.9313],[84.6864,64.923],[84.7581,64.9439],[84.821,64.9423],[84.8302,64.9579],[84.8465,64.9447],[84.8642,64.9511],[84.9081,64.9352],[84.8969,64.9526],[84.9213,64.9541],[85.0324,64.9151],[85.0153,64.9063],[85.0024,64.916],[84.9944,64.9018],[85.0127,64.8934],[84.9813,64.8788],[84.9528,64.8841],[84.948,64.8709],[84.9225,64.8633],[84.9467,64.8567],[84.9373,64.8528],[84.9449,64.8364],[85.0133,64.8347],[85.0011,64.8276],[85.01,64.8155],[85.0259,64.8188],[85.013,64.8276],[85.1318,64.8271],[85.1093,64.8003],[85.1306,64.799],[85.1333,64.764],[85.2524,64.7959],[85.3643,64.795],[85.4372,64.8196],[85.447,64.835],[85.5296,64.8526],[85.7215,64.828],[85.8337,64.7843],[85.8194,64.6799],[85.9057,64.5988],[85.9079,64.5765],[85.8043,64.4969],[85.9216,64.4317],[85.9316,64.3722],[86.0073,64.2721],[86.0009,64.2242],[85.9775,64.2032],[85.983,64.1788],[85.9308,64.1241],[85.9492,64.1108],[85.9678,64.0495],[85.9021,64.0435],[85.7102,63.9922],[85.6298,63.9507],[85.5062,63.9283],[85.4781,63.9067],[85.4768,63.896],[85.498,63.8924],[85.4868,63.8916],[85.4907,63.8762],[85.4659,63.8636],[85.3706,63.8588],[85.3664,63.8444],[85.3823,63.8424],[85.3832,63.8287],[85.326,63.801],[85.3725,63.7967],[85.348,63.7835],[85.3812,63.7713],[85.3323,63.7563],[85.3296,63.7352],[85.3399,63.7344],[85.3141,63.7217],[85.3384,63.7172],[85.3185,63.7066],[85.3261,63.6966],[85.3135,63.6867],[85.3155,63.6669],[85.2892,63.66],[85.3019,63.6478],[85.2441,63.6289],[85.2571,63.6205],[85.2284,63.6069],[85.1793,63.61],[85.1732,63.5865],[85.1479,63.5789],[85.1569,63.5679],[85.1463,63.5627],[85.1058,63.5678],[85.1124,63.5747],[85.0617,63.5962],[85.0232,63.5812],[85.0529,63.5752],[85.0487,63.5667],[85.0838,63.567],[85.056,63.5613],[85.0841,63.5566],[85.0817,63.5321],[85.1033,63.5389],[85.1008,63.5278],[85.1884,63.5226],[85.1939,63.5134],[85.2212,63.5229],[85.2317,63.4952],[85.2981,63.525],[85.2941,63.5116],[85.3531,63.491],[85.3567,63.4748],[85.3824,63.4753],[85.377,63.4652],[85.3971,63.4617],[85.3738,63.453],[85.4203,63.4345],[85.3969,63.4313],[85.4127,63.4216],[85.386,63.4212],[85.4112,63.411],[85.3763,63.417],[85.39,63.4128],[85.3742,63.3934],[85.4192,63.3869],[85.4211,63.3642],[85.472,63.3511],[85.4633,63.3601],[85.6078,63.38],[85.6862,63.3732],[85.6807,63.3647],[85.7067,63.3575],[85.6906,63.3454],[85.7038,63.337],[85.6527,63.3265],[85.6244,63.3057],[85.6345,63.3049],[85.5679,63.2837],[85.5829,63.2826],[85.5667,63.269],[85.5842,63.265],[85.5671,63.26],[85.5814,63.2527],[85.5524,63.2522],[85.5465,63.236],[85.5726,63.2252],[85.5457,63.2033],[85.5645,63.2015],[85.528,63.1985],[85.5201,63.1824],[85.5021,63.181],[85.5173,63.1695],[85.497,63.1496],[85.5044,63.1295],[85.5344,63.119],[85.5159,63.1141],[85.5358,63.099],[85.5708,63.0993],[85.5691,63.0876],[85.5958,63.0778],[85.6002,63.0644],[85.5729,63.0605],[85.6196,63.0336],[85.597,63.012],[85.5712,63.014],[85.563,62.9988],[85.503,62.9816],[85.5399,62.939],[85.5153,62.9247],[85.5195,62.9008],[85.4711,62.8814],[85.3616,62.8779],[85.2816,62.821],[85.2177,62.8017],[85.1487,62.7171],[85.1532,62.7071],[85.1168,62.7016],[85.1229,62.6866],[85.0645,62.6673],[85.0623,62.6527],[85.1059,62.6446],[85.1002,62.6317],[85.0596,62.6304],[84.9941,62.5934],[84.9623,62.5962],[84.941,62.5878],[84.9452,62.578],[84.9188,62.5768],[84.9266,62.5657],[84.895,62.5527],[84.9107,62.5408],[84.8984,62.5394],[84.9094,62.5346],[84.9034,62.5258],[84.9358,62.5262],[84.9227,62.519],[84.9415,62.5162],[84.9246,62.4889],[84.9378,62.4829],[84.9166,62.4833],[84.9226,62.4761],[84.7858,62.4166],[84.7141,62.4005],[84.573,62.3005],[84.499,62.2209],[84.4409,62.1957],[84.492,62.0985],[84.4908,62.0318],[84.5239,61.9906],[84.5143,61.9674],[84.5229,61.922],[84.6247,61.8671],[84.6396,61.8319],[84.6779,61.8081],[84.8409,61.773],[84.9219,61.7898],[85.0969,61.752],[85.1742,61.7086],[85.23,61.6984],[85.2778,61.6737],[85.4066,61.6872],[85.4929,61.6172],[85.7128,61.5726],[85.8425,61.5939],[85.9611,61.5451],[85.9767,61.4826],[85.9653,61.4592],[86.0496,61.4347],[86.1304,61.3786],[86.2089,61.3785],[86.2732,61.4374],[86.3263,61.4585],[86.438,61.4174],[86.5113,61.4102],[86.5267,61.3522],[86.6098,61.3146],[86.7739,61.3216],[86.8369,61.3429],[86.9401,61.3484],[86.9859,61.3761],[86.9729,61.3929],[86.9846,61.4099],[86.9494,61.4327],[86.9412,61.455],[86.9852,61.4677],[87.1136,61.4288],[87.1089,61.4181],[87.2654,61.3819],[87.2606,61.3719],[87.274,61.3647],[87.2464,61.3584],[87.3444,61.3656],[87.4692,61.3451],[87.4852,61.3109],[87.5219,61.2991],[87.4926,61.2979],[87.4916,61.278],[87.4816,61.277],[87.5004,61.2726],[87.4778,61.2692],[87.5254,61.249],[87.5382,61.2384],[87.529,61.2309],[87.5474,61.231],[87.5521,61.2138],[87.5836,61.2298],[87.5729,61.2344],[87.6352,61.2391],[87.6422,61.2466],[87.6256,61.2491],[87.6497,61.2617],[87.6408,61.2726],[87.6888,61.2704],[87.6793,61.2811],[87.692,61.2878],[87.6809,61.2895],[87.7079,61.2995],[87.6883,61.3117],[87.673,61.3001],[87.6569,61.3132],[87.6697,61.3266],[87.6469,61.3264],[87.7099,61.3405],[87.7098,61.3501],[87.7454,61.346],[87.7321,61.3507],[87.7674,61.3598],[87.7753,61.3676],[87.7653,61.3711],[87.7931,61.3634],[87.8239,61.3728],[87.8153,61.3539],[87.8727,61.3476],[87.8558,61.339],[87.8709,61.3332],[87.9823,61.3336],[87.963,61.3195],[88.0156,61.3365],[88.0004,61.3409],[88.0952,61.3247],[88.1113,61.3351],[88.1021,61.3412],[88.1868,61.3521],[88.9534,60.7509],[89.8673,60.8122],[90.9463,60.7509],[91.3832,60.751],[91.4426,60.7985],[91.4237,60.8137],[91.4268,60.8348],[91.4036,60.8398],[91.4147,60.8543],[91.3391,60.8679],[91.3319,60.9002],[91.29,60.914],[91.3079,60.9234],[91.2223,60.9606],[90.991,61.1692],[90.9125,61.2048],[90.9242,61.2188],[90.9122,61.2276],[90.854,61.2416],[90.8459,61.2537],[90.8787,61.2696],[90.8682,61.2784],[90.8779,61.2948],[90.8572,61.3218],[90.866,61.3326],[90.8501,61.3515],[90.7916,61.3642],[90.7786,61.3771],[90.7869,61.3849],[90.7547,61.3868],[90.7712,61.4124],[90.7605,61.4198],[90.7678,61.4475],[90.724,61.4413],[90.6465,61.4714],[90.6626,61.5199],[90.7094,61.5418],[90.7051,61.5694],[90.7258,61.5787],[90.7101,61.5884],[90.7414,61.5939],[90.7354,61.6134],[90.7698,61.6315],[90.757,61.6543],[90.8986,61.6444],[90.9128,61.6558],[90.9004,61.6604],[90.9132,61.6635],[90.9047,61.6694],[90.9232,61.6771],[90.8517,61.7058],[90.8596,61.7091],[90.8255,61.7345],[90.8414,61.7486],[90.8189,61.7674],[90.8316,61.7758],[90.7887,61.7859],[90.7966,61.8022],[90.7452,61.8081],[90.6881,61.8383],[90.6892,61.8603],[90.7038,61.8647],[90.6378,61.8941],[90.6372,61.9248],[90.5982,61.9306],[90.5614,61.9197],[90.5344,61.9301],[90.4698,61.9766],[90.4216,62.0535],[90.3857,62.0793],[90.2367,62.1168],[90.1961,62.1701],[90.1985,62.1819],[90.1556,62.2154],[90.2009,62.2328],[90.2037,62.2522],[90.2613,62.2567],[90.3143,62.2815],[90.3202,62.3008],[90.3634,62.334],[90.3538,62.3485],[90.3662,62.3847],[90.4202,62.3814],[90.4155,62.3976],[90.463,62.4261],[90.4696,62.4467],[90.5112,62.457],[90.5102,62.4722],[90.532,62.4863],[90.6286,62.5019],[90.7647,62.4918],[90.9117,62.5054],[90.9206,62.5189],[90.9102,62.5563],[90.9659,62.5627],[90.9852,62.5846],[90.9996,62.6467],[91.0282,62.6815],[91.1308,62.7434],[91.3375,62.8042],[91.7397,62.9593],[91.8413,63.0336],[91.795,63.0763],[91.7859,63.1144],[91.7362,63.1243],[91.7278,63.1456],[91.6928,63.1591],[91.6893,63.198]]]]}},{"type":"Feature","id":1164668,"properties":{"id":"1164668","name":"Эвенкийский муниципальный округ"},"geometry":{"type":"MultiPolygon","coordinates":[[[[91.6893,63.198],[91.6966,63.2039],[91.6838,63.2268],[91.7013,63.2419],[91.6918,63.2505],[91.7324,63.2717],[91.6911,63.3075],[91.6647,63.3102],[91.6579,63.328],[91.6713,63.3438],[91.6654,63.357],[91.7271,63.387],[91.7369,63.4065],[91.7756,63.4095],[91.7978,63.4314],[91.794,63.468],[91.7698,63.4819],[91.7919,63.4858],[91.7887,63.5174],[91.7646,63.525],[91.8859,63.566],[91.8765,63.5776],[91.8919,63.5816],[91.8945,63.6076],[91.9298,63.6315],[92.124,63.646],[92.1694,63.7004],[92.2262,63.7221],[92.2405,63.7486],[92.2038,63.7948],[92.189,63.8792],[92.0666,63.912],[92.0205,63.9045],[91.8994,63.9331],[91.9867,63.9915],[92.0042,64.009],[91.9962,64.0157],[92.0275,64.0189],[92.0716,64.051],[92.0783,64.0912],[92.0545,64.1067],[92.0863,64.1393],[92.0424,64.1514],[92.0002,64.1381],[91.9343,64.1384],[91.907,64.1673],[91.907,64.188],[91.8723,64.2037],[91.786,64.2028],[91.738,64.2211],[91.732,64.2363],[91.7617,64.2429],[91.7936,64.2701],[91.7116,64.2975],[91.734,64.3342],[91.7257,64.3622],[91.5329,64.3729],[91.412,64.3575],[91.2906,64.379],[91.2258,64.343],[91.1068,64.3336],[91.0741,64.3607],[91.1108,64.3684],[91.1018,64.3789],[91.1154,64.3892],[91.0242,64.4052],[90.9663,64.435],[90.9243,64.4189],[90.8551,64.4225],[90.8023,64.3989],[90.7253,64.3986],[90.7152,64.4102],[90.7303,64.4193],[90.7164,64.4297],[90.7872,64.4419],[90.7919,64.4561],[90.7251,64.4762],[90.6368,64.4548],[90.6002,64.4671],[90.6305,64.4859],[90.6211,64.5023],[90.6825,64.5512],[90.6826,64.574],[90.6489,64.579],[90.6346,64.5943],[90.5704,64.5832],[90.5105,64.6077],[90.4535,64.5695],[90.5005,64.5427],[90.5082,64.5235],[90.4854,64.5033],[90.3979,64.4891],[90.3691,64.509],[90.2904,64.5281],[90.2591,64.5542],[90.215,64.5575],[90.2199,64.5837],[90.1499,64.6188],[90.0971,64.6146],[90.1309,64.6521],[90.0761,64.6676],[90.0955,64.6839],[90.1293,64.6872],[90.1187,64.6988],[90.1418,64.7094],[90.1036,64.7413],[90.0445,64.7406],[90.0271,64.723],[90.0493,64.7027],[89.9685,64.686],[89.9038,64.6911],[89.8686,64.6804],[89.8103,64.6902],[89.7855,64.6747],[89.7546,64.688],[89.7406,64.7087],[89.7639,64.7185],[89.7659,64.7388],[89.7987,64.7486],[89.8068,64.7693],[89.7901,64.7832],[89.8042,64.8053],[89.7627,64.8202],[89.5958,64.793],[89.5502,64.7698],[89.41,64.7597],[89.4143,64.7688],[89.4006,64.7575],[89.3094,64.7567],[89.2866,64.7419],[89.2602,64.7503],[89.1584,64.7407],[89.1439,64.7506],[89.1531,64.7568],[89.1159,64.7642],[89.135,64.7803],[89.0888,64.8023],[89.1162,64.813],[89.1174,64.8622],[89.1539,64.8684],[89.1445,64.8957],[89.1697,64.8988],[89.1883,64.9251],[89.2363,64.9447],[89.269,64.9871],[89.3226,65.0008],[89.3122,65.0096],[89.3933,65.0219],[89.3841,65.0303],[89.437,65.0935],[89.5201,65.1174],[89.4408,65.1615],[89.4557,65.1954],[89.3894,65.1895],[89.3677,65.2144],[89.5009,65.2815],[89.4713,65.2966],[89.4486,65.3271],[89.423,65.3327],[89.3196,65.317],[89.2114,65.3183],[89.2952,65.3588],[89.2046,65.399],[89.1749,65.4338],[89.1752,65.4646],[89.1472,65.4595],[89.0833,65.4766],[89.0131,65.4584],[88.9089,65.4763],[88.8397,65.4593],[88.786,65.4673],[88.7713,65.4904],[88.7359,65.5012],[88.7565,65.5182],[88.7248,65.5264],[88.6481,65.5216],[88.5929,65.4984],[88.5625,65.5062],[88.5668,65.5258],[88.5948,65.5358],[88.5883,65.5434],[88.6261,65.5562],[88.6202,65.6055],[88.6697,65.6493],[88.7092,65.6521],[88.7792,65.6939],[88.8162,65.7404],[88.8052,65.7471],[88.8106,65.7628],[88.8893,65.7745],[88.995,65.8117],[89.0097,65.8477],[89.0567,65.8641],[89.045,65.8726],[89.0538,65.8797],[89.0381,65.9083],[89.0485,65.9215],[89.0283,65.9441],[89.0334,65.9535],[88.9955,65.9644],[88.9868,65.9782],[89.0108,65.9925],[88.997,66.0235],[89.012,66.0314],[88.9955,66.0461],[88.9634,66.0479],[88.9843,66.0741],[88.9447,66.0804],[88.9299,66.1021],[88.979,66.1017],[88.9879,66.1255],[88.9334,66.1311],[88.9606,66.136],[88.9528,66.1471],[88.9735,66.1537],[88.9646,66.1625],[89.0022,66.1645],[88.9769,66.1805],[89.04,66.2036],[89.0244,66.2352],[88.9948,66.2559],[89.037,66.2668],[89.0319,66.286],[89.0683,66.2984],[89.0623,66.3182],[89.1032,66.3378],[89.1131,66.3599],[89.0773,66.3794],[89.1329,66.3988],[89.1614,66.4326],[89.3757,66.4378],[89.4834,66.4533],[89.5772,66.4471],[89.7445,66.4083],[89.8009,66.409],[89.7989,66.3898],[89.8198,66.3829],[89.8615,66.4776],[89.8727,66.5902],[90.0879,66.6515],[90.47,66.8536],[90.6898,66.9551],[90.7593,67.0008],[90.7847,67.067],[90.9331,67.204],[91.0532,67.2773],[91.1715,67.316],[91.2571,67.3789],[91.2529,67.3951],[91.2994,67.401],[91.2933,67.4228],[91.309,67.4396],[91.2831,67.4565],[91.3192,67.4651],[91.3647,67.4567],[91.3688,67.473],[91.449,67.5093],[91.5599,67.5347],[91.5611,67.5542],[91.6004,67.5776],[91.7208,67.6114],[91.7181,67.6204],[91.7358,67.627],[91.7215,67.6256],[91.7771,67.6608],[91.7665,67.6634],[91.7828,67.663],[91.809,67.7093],[91.8859,67.7546],[91.887,67.8163],[91.9194,67.8384],[92.2095,67.9467],[92.2524,67.9738],[92.5686,68.073],[92.6935,68.1316],[92.7747,68.1929],[92.7641,68.2315],[92.7872,68.2921],[92.9595,68.3556],[92.9813,68.393],[93.025,68.4229],[93.1202,68.4465],[93.3046,68.4582],[93.4233,68.4381],[93.6867,68.4257],[94.0243,68.3617],[94.1929,68.3794],[94.1983,68.435],[94.2781,68.4742],[94.1478,68.5686],[94.2078,68.5974],[94.2037,68.6282],[94.2742,68.6541],[94.2825,68.6807],[94.3668,68.696],[94.3977,68.7593],[94.4694,68.7669],[94.4632,68.7948],[94.5165,68.8009],[94.5678,68.8185],[94.5725,68.8391],[94.6267,68.8459],[94.6238,68.8752],[94.6802,68.8973],[94.6842,68.9353],[94.9337,68.9489],[94.9953,68.9706],[94.9791,68.9916],[94.8972,69.0053],[94.9064,69.028],[94.8869,69.057],[94.8301,69.0834],[95.0156,69.1316],[95.0863,69.1354],[95.0789,69.1886],[95.2111,69.2373],[95.3932,69.2984],[95.5878,69.3199],[95.7321,69.3213],[95.8253,69.3385],[95.9093,69.3321],[95.9438,69.348],[96.0207,69.3494],[95.9983,69.3662],[96.2485,69.4195],[96.3547,69.4711],[96.4492,69.4678],[96.5125,69.48],[96.596,69.5168],[96.5865,69.5375],[96.607,69.5547],[96.695,69.5747],[96.9632,69.5578],[97.0715,69.5721],[97.1041,69.5808],[97.1212,69.6001],[97.1643,69.6061],[97.1481,69.6158],[97.1727,69.6186],[97.1659,69.6255],[97.1897,69.6369],[97.1718,69.6685],[97.2165,69.68],[97.343,69.6833],[97.4359,69.7091],[97.7144,69.6859],[97.7648,69.7104],[97.8231,69.7177],[97.9102,69.7794],[98.0016,69.8084],[98.0805,69.8023],[98.1808,69.8253],[98.2161,69.808],[98.4359,69.7745],[98.5069,69.7515],[98.6861,69.7703],[98.7527,69.753],[99.0867,69.7642],[99.1459,69.7462],[99.2362,69.7395],[99.3358,69.7573],[99.3368,69.7783],[99.2787,69.8157],[99.401,69.8566],[99.3999,69.8691],[99.3396,69.8643],[99.3085,69.8777],[99.3582,69.9016],[99.3301,69.9152],[99.4188,69.9146],[99.4336,69.9268],[99.6759,69.9223],[99.6877,69.904],[99.7377,69.9145],[99.7312,69.8971],[99.767,69.9002],[99.8183,69.8834],[99.9294,69.8944],[100.0844,69.8637],[100.2137,69.8538],[100.2549,69.8263],[100.3231,69.8108],[100.2719,69.7825],[100.285,69.7661],[100.41,69.7489],[100.4037,69.7194],[100.4376,69.6968],[100.4353,69.6826],[100.3484,69.645],[100.3907,69.6232],[100.4036,69.5945],[100.4326,69.5718],[100.4923,69.5502],[100.5627,69.5622],[100.6082,69.5939],[100.6965,69.607],[100.6872,69.6158],[100.7105,69.6452],[100.7479,69.66],[100.8425,69.6592],[100.9679,69.6274],[101.279,69.6091],[101.489,69.567],[101.5087,69.5844],[101.5646,69.5778],[101.5845,69.5901],[101.6192,69.5808],[101.6397,69.5953],[101.6837,69.5988],[101.6929,69.6133],[101.848,69.6085],[101.9613,69.5972],[102.1207,69.5531],[102.1114,69.5477],[102.1504,69.5266],[102.2184,69.5173],[102.2196,69.499],[102.1329,69.4759],[102.1948,69.4569],[102.6663,69.3852],[102.6848,69.3709],[102.7764,69.3546],[102.958,69.3418],[102.9565,69.3522],[103.1697,69.4056],[103.3477,69.3882],[103.4936,69.4045],[103.5405,69.3969],[103.5621,69.3752],[103.5323,69.3553],[103.538,69.3453],[103.6559,69.3155],[103.6933,69.2934],[103.7322,69.2989],[103.8034,69.2826],[103.9313,69.2938],[103.9638,69.3124],[103.9526,69.3214],[104.0064,69.3322],[104.0192,69.3418],[104.0102,69.3485],[104.1055,69.366],[104.2498,69.332],[104.2937,69.3485],[104.345,69.3474],[104.3531,69.3765],[104.4039,69.4012],[104.3566,69.4383],[104.36,69.4477],[104.4422,69.4615],[104.5959,69.4477],[104.8193,69.4595],[104.9741,69.4274],[105.2261,69.4277],[105.2445,69.4193],[105.2474,69.4039],[105.2287,69.3698],[105.2555,69.3465],[105.2876,69.3394],[105.3531,69.3443],[105.4149,69.3693],[105.5285,69.3508],[105.6759,69.369],[105.7295,69.3972],[105.7757,69.3983],[105.8199,69.4171],[105.8117,69.4285],[105.8336,69.4618],[105.7764,69.4906],[105.8294,69.5062],[106.0602,69.5121],[106.078,69.5227],[106.0647,69.537],[106.0713,69.5468],[106.1244,69.5542],[106.2636,69.5243],[106.3289,69.5412],[106.4043,69.5377],[106.351,69.5105],[106.3419,69.4767],[106.1832,69.4438],[106.1429,69.4094],[106.9066,68.8578],[106.9207,68.2542],[106.8704,67.8358],[106.8745,67.6675],[106.8368,67.4944],[106.822,67.3341],[106.7323,67.2939],[106.7112,67.2765],[106.7102,67.2578],[106.6632,67.2517],[106.5895,67.2629],[106.5443,67.2916],[106.4375,67.267],[106.3411,67.2012],[106.2797,67.2004],[106.2195,67.1718],[106.0702,67.1683],[106.0638,67.1157],[105.9475,67.0406],[105.6688,67.0139],[105.6283,67.0272],[105.5073,67.0162],[105.554,66.9999],[105.5426,66.9844],[105.552,66.9773],[105.698,66.9256],[105.8565,66.9443],[105.8441,66.9311],[105.854,66.9111],[106.017,66.8869],[106.0411,66.8997],[106.0836,66.8938],[106.1021,66.8748],[106.0931,66.8596],[105.9853,66.804],[106.0133,66.789],[106.0845,66.7798],[106.1221,66.798],[106.2123,66.7982],[106.1858,66.7711],[106.1322,66.752],[106.1501,66.7459],[106.1453,66.7312],[106.1693,66.7079],[106.2563,66.6831],[106.2213,66.6643],[106.2154,66.6464],[106.2492,66.6042],[106.2285,66.5905],[106.2422,66.5757],[106.233,66.5655],[106.3129,66.5289],[106.3232,66.5158],[106.302,66.4995],[106.332,66.4737],[106.2525,66.4355],[106.1889,66.4302],[106.1821,66.414],[106.1473,66.4088],[106.1456,66.3902],[106.1111,66.3721],[106.1191,66.3583],[106.0952,66.3365],[106.1335,66.3119],[106.1119,66.2989],[106.1317,66.2834],[106.1202,66.267],[106.1327,66.258],[106.1167,66.2541],[106.1365,66.2491],[106.1057,66.2345],[106.1198,66.2125],[106.106,66.1977],[106.205,66.1474],[106.3382,66.1532],[106.3673,66.13],[106.3529,66.1128],[106.3787,66.1023],[106.3736,66.0932],[106.4294,66.0829],[106.4065,66.0661],[106.4506,66.0546],[106.4471,66.0434],[106.4825,66.026],[106.4803,66.0146],[106.5176,66.001],[106.4887,65.9788],[106.4933,65.9555],[106.4754,65.9462],[106.4822,65.9343],[106.4605,65.9283],[106.4933,65.884],[106.4709,65.8785],[106.4835,65.8554],[106.4693,65.8329],[106.4475,65.8263],[106.4906,65.7984],[106.4477,65.7906],[106.4286,65.7652],[106.4542,65.7459],[106.4358,65.74],[106.4594,65.7336],[106.4367,65.7264],[106.4513,65.7138],[106.4152,65.7142],[106.4248,65.7036],[106.4022,65.7012],[106.4334,65.6867],[106.4162,65.6695],[106.4607,65.6533],[106.4719,65.6621],[106.5486,65.6464],[106.5591,65.6328],[106.594,65.6395],[106.6078,65.633],[106.5901,65.6254],[106.6519,65.6182],[106.6105,65.6095],[106.7028,65.6028],[106.7204,65.5876],[106.6946,65.5619],[106.7017,65.5411],[106.7977,65.5205],[106.9682,65.5066],[106.9389,65.4719],[106.8622,65.4424],[106.8568,65.4292],[106.8714,65.4217],[106.8336,65.4019],[106.8173,65.3775],[106.6129,65.396],[106.6055,65.383],[106.545,65.3805],[106.5143,65.3419],[106.436,65.3181],[106.4293,65.2465],[106.5261,65.2196],[106.4776,65.2095],[106.4107,65.228],[106.3174,65.1707],[106.3101,65.1443],[106.1899,65.133],[106.1613,65.0931],[106.1089,65.0697],[106.0258,65.0663],[105.9505,65.0399],[105.9529,65.0147],[105.9742,65.0007],[106.0709,64.9804],[106.0631,64.9625],[106.1013,64.9355],[106.1137,64.9078],[106.2075,64.873],[106.0587,64.87],[106.05,64.8757],[106.0602,64.8838],[106.0313,64.8829],[106.0461,64.912],[106.0318,64.9187],[105.9148,64.9035],[105.9416,64.8745],[105.9348,64.8551],[105.9661,64.8521],[105.9736,64.8403],[105.9644,64.8372],[105.9873,64.8294],[105.9291,64.8243],[105.8951,64.8439],[105.852,64.8323],[105.8664,64.8186],[105.8467,64.7911],[105.8249,64.7868],[105.8159,64.7606],[105.8385,64.7459],[105.8145,64.728],[105.8599,64.7034],[105.8768,64.6868],[105.8695,64.6751],[105.7822,64.668],[105.7274,64.6927],[105.6839,64.684],[105.712,64.6526],[105.7509,64.6407],[105.7095,64.6022],[105.7126,64.583],[105.7528,64.5813],[105.7856,64.5503],[105.7927,64.5272],[105.7499,64.5039],[105.7691,64.4837],[105.8664,64.5022],[105.9052,64.487],[105.9807,64.5328],[106.0238,64.5409],[106.0616,64.5248],[106.0779,64.498],[106.1338,64.4854],[106.1173,64.456],[106.0753,64.4465],[106.0925,64.4262],[106.1386,64.4159],[106.1827,64.4156],[106.2563,64.4471],[106.3119,64.4393],[106.3655,64.4556],[106.5542,64.4602],[106.5867,64.4763],[106.5513,64.524],[106.579,64.5427],[106.6525,64.5295],[106.6658,64.4989],[106.7081,64.4794],[106.7048,64.4653],[106.7355,64.4229],[106.8228,64.42],[106.9152,64.4383],[106.9596,64.4039],[107.0983,64.3731],[107.0925,64.359],[107.1055,64.3536],[107.2565,64.3454],[107.2685,64.3282],[107.2544,64.3213],[107.2691,64.3002],[107.3536,64.2639],[107.4527,64.2764],[107.4959,64.3009],[107.5607,64.3127],[107.6413,64.3107],[107.7204,64.2812],[107.7095,64.2587],[107.7674,64.2518],[107.8199,64.2294],[107.8601,64.2311],[107.9124,64.1898],[107.9247,64.2019],[107.9646,64.204],[107.9592,64.1953],[107.9734,64.182],[108.0558,64.1857],[108.0535,64.2139],[108.0868,64.2468],[108.1713,64.2576],[108.2468,64.2502],[108.2682,64.2212],[108.2926,64.2147],[108.284,64.1847],[108.3123,64.1631],[108.3,64.153],[108.3659,64.1033],[108.3545,64.0759],[108.3892,64.0521],[108.324,64.0285],[108.3266,64.0165],[108.3132,64.011],[108.2665,64.0186],[108.2054,64.0037],[108.1218,64.0039],[108.0883,64.0159],[108.0344,64.0008],[107.9655,64.0198],[107.8993,63.9978],[107.8633,64.0053],[107.8625,64.0201],[107.8446,64.0247],[107.7843,64.0098],[107.764,64.0212],[107.6853,64.0012],[107.6821,63.9855],[107.6312,63.9814],[107.6104,63.9623],[107.6175,63.9472],[107.6029,63.9425],[107.6278,63.932],[107.6011,63.9337],[107.6052,63.9257],[107.5867,63.9215],[107.5983,63.9093],[107.551,63.8963],[107.5156,63.8972],[107.5075,63.9224],[107.4731,63.9274],[107.4337,63.9136],[107.419,63.8946],[107.3447,63.9062],[107.3759,63.9142],[107.3771,63.9368],[107.33,63.9502],[107.3454,63.9582],[107.2853,63.9806],[107.2075,63.9738],[107.2013,63.9844],[107.1652,63.9686],[107.1572,63.9572],[107.167,63.9534],[107.1106,63.9538],[107.0859,63.9248],[107.0435,63.9265],[107.0302,63.9346],[107.0518,63.9389],[107.0031,63.9407],[107.0136,63.9457],[106.9757,63.9712],[106.8242,63.9872],[106.8074,64.018],[106.7723,64.0174],[106.7988,64.0106],[106.7917,64.0061],[106.7277,64.0278],[106.6996,64.0196],[106.6952,64.0363],[106.6686,64.0444],[106.6607,64.0259],[106.6065,63.9868],[106.6364,63.9622],[106.7304,63.935],[106.7119,63.9131],[106.7749,63.8949],[106.7922,63.8783],[106.7484,63.8344],[106.6971,63.8245],[106.6629,63.7629],[106.6025,63.7232],[106.6099,63.7057],[106.6531,63.6926],[106.689,63.6613],[106.657,63.6262],[106.5834,63.5989],[106.6028,63.5747],[106.5982,63.5616],[106.5224,63.5677],[106.5067,63.5484],[106.4689,63.5473],[106.5789,63.5026],[106.572,63.4794],[106.5924,63.4754],[106.5928,63.4554],[106.6395,63.4484],[106.6484,63.4229],[106.6924,63.4249],[106.7073,63.4186],[106.7013,63.4073],[106.7266,63.4097],[106.737,63.3978],[106.709,63.3933],[106.7198,63.3752],[106.6768,63.3548],[106.6578,63.3255],[106.6209,63.3168],[106.5202,63.3226],[106.4445,63.3621],[106.4172,63.3574],[106.4077,63.3398],[106.4187,63.3244],[106.3544,63.3002],[106.3537,63.2849],[106.3751,63.2747],[106.3492,63.2653],[106.3445,63.2457],[106.4211,63.2341],[106.4388,63.2159],[106.3943,63.1859],[106.3874,63.1683],[106.4098,63.1468],[106.3968,63.1257],[106.3538,63.1075],[106.2215,63.0896],[106.1114,63.0887],[106.1274,63.0521],[106.1396,63.0515],[106.1306,63.0368],[106.1701,63.0069],[106.1379,62.9761],[106.1974,62.9602],[106.1991,62.9373],[106.1866,62.923],[106.2821,62.9097],[106.3132,62.8744],[106.3641,62.8829],[106.436,62.8635],[106.4559,62.8443],[106.4466,62.8144],[106.5125,62.7911],[106.5011,62.7815],[106.5157,62.7744],[106.5178,62.7574],[106.5018,62.7435],[106.5114,62.7302],[106.4622,62.7126],[106.4695,62.6989],[106.58,62.6888],[106.5834,62.6769],[106.6334,62.6599],[106.714,62.6543],[106.7964,62.6232],[106.8018,62.6117],[106.782,62.6039],[106.7152,62.6078],[106.6967,62.5758],[106.6699,62.5617],[106.7206,62.5378],[106.7545,62.4961],[106.6288,62.4636],[106.5728,62.4228],[106.573,62.4056],[106.5466,62.3963],[106.4661,62.4058],[106.4301,62.3953],[106.4583,62.3608],[106.4843,62.3535],[106.4756,62.3459],[106.4832,62.3398],[106.4093,62.3296],[106.4087,62.3016],[106.3469,62.2812],[106.4003,62.268],[106.4032,62.255],[106.4648,62.2597],[106.4505,62.2263],[106.4282,62.2143],[106.4496,62.199],[106.425,62.1854],[106.4341,62.1776],[106.4256,62.1621],[106.3877,62.1453],[106.4009,62.1161],[106.3916,62.109],[106.4122,62.0985],[106.3925,62.0762],[106.4049,62.0576],[106.3955,62.0425],[106.2768,62.0242],[106.2494,62.0124],[106.2477,61.9989],[106.2078,61.989],[106.1999,61.974],[106.0855,61.9471],[105.8983,61.8454],[105.8934,61.8249],[105.9407,61.7849],[105.934,61.7668],[105.9799,61.6905],[105.8968,61.6866],[105.8418,61.6614],[105.8134,61.6298],[105.728,61.66],[105.6684,61.6553],[105.5808,61.6199],[105.5931,61.6004],[105.5849,61.5905],[105.3632,61.5422],[105.361,61.5274],[105.3172,61.5137],[105.3211,61.5],[105.2972,61.4892],[105.2958,61.4756],[105.258,61.4642],[105.2915,61.4501],[105.2812,61.4239],[105.1852,61.4139],[105.1561,61.4241],[105.0622,61.4063],[105.0083,61.413],[104.9948,61.4023],[104.91,61.3954],[104.9066,61.3727],[104.7781,61.3486],[104.9503,61.316],[104.9396,61.2942],[104.9903,61.273],[104.9932,61.2417],[105.0298,61.2204],[105.0212,61.1986],[105.0445,61.1777],[104.9884,61.1951],[104.8525,61.1917],[104.8302,61.1622],[104.7121,61.1143],[104.7168,61.1003],[104.6948,61.0879],[104.625,61.0785],[104.6102,61.0532],[104.6434,61.0377],[104.6037,61.0038],[104.6232,60.9889],[104.5764,60.9461],[104.6339,60.9055],[104.6092,60.8854],[104.4595,60.8441],[104.4809,60.8367],[104.4828,60.806],[104.5099,60.7829],[104.5665,60.775],[104.6022,60.741],[104.6094,60.7221],[104.5593,60.6841],[104.5645,60.6658],[104.5092,60.6343],[104.5024,60.6178],[104.5382,60.615],[104.5345,60.6045],[104.5213,60.6081],[104.5232,60.5965],[104.5714,60.5876],[104.5603,60.5808],[104.5657,60.5694],[104.5482,60.565],[104.5807,60.5369],[104.645,60.5192],[104.6284,60.5105],[104.6536,60.5019],[104.6253,60.496],[104.6677,60.4692],[104.6491,60.4546],[104.678,60.4235],[104.6384,60.4202],[104.6568,60.406],[104.7951,60.374],[104.7908,60.3644],[104.8501,60.3479],[104.8699,60.3299],[104.8534,60.3247],[104.8635,60.3106],[104.9037,60.2995],[104.9483,60.3032],[104.9716,60.2889],[105.0822,60.302],[105.111,60.2877],[105.1561,60.2912],[105.2314,60.2747],[105.3431,60.2989],[105.3613,60.2643],[105.3862,60.2566],[105.3744,60.266],[105.415,60.2684],[105.4689,60.2493],[105.4584,60.2328],[105.4771,60.2196],[105.5089,60.2264],[105.4692,60.2053],[105.4601,60.169],[105.4223,60.1539],[105.4432,60.1045],[105.437,60.0961],[105.4528,60.0909],[105.4711,60.0488],[105.496,60.0411],[105.483,60.0237],[105.505,60.0017],[105.4339,59.9719],[105.4432,59.961],[105.4098,59.9479],[105.4433,59.9315],[105.4184,59.9217],[105.4328,59.9127],[105.4262,59.9015],[105.4834,59.8785],[105.5149,59.8438],[105.466,59.8314],[105.4776,59.8359],[105.4327,59.8578],[105.3719,59.8392],[105.2599,59.8594],[105.2655,59.8737],[105.1799,59.8662],[105.1589,59.8737],[105.177,59.8753],[105.1644,59.8839],[105.1054,59.8679],[105.0642,59.8759],[105.0517,59.8716],[105.063,59.8569],[105.0282,59.8441],[104.9793,59.8534],[104.9805,59.8414],[105.0188,59.8351],[105.0067,59.8271],[105.0233,59.8145],[105.0143,59.8043],[105.03,59.7944],[105.0175,59.7876],[105.0233,59.7776],[104.99,59.7635],[104.9564,59.7757],[104.8884,59.7651],[104.7619,59.6875],[104.808,59.6709],[104.7841,59.6359],[104.8051,59.6345],[104.8423,59.6065],[104.8825,59.6042],[104.8559,59.5837],[104.8504,59.5555],[104.9261,59.5171],[104.9678,59.4706],[104.9969,59.4605],[105.0817,59.4641],[105.1489,59.4852],[105.195,59.4769],[105.1981,59.4581],[105.2372,59.4417],[105.2425,59.4296],[105.216,59.4235],[105.1968,59.4019],[105.2057,59.389],[105.2292,59.3871],[105.2195,59.3427],[105.1723,59.3038],[105.2118,59.2893],[105.2188,59.2663],[105.2718,59.2702],[105.304,59.2454],[105.2949,59.2348],[105.3378,59.1971],[105.2925,59.157],[105.3465,59.1432],[105.3681,59.1181],[105.2763,59.0676],[105.1357,59.0613],[105.105,59.0396],[105.0996,59.0328],[105.1128,59.0271],[105.0954,59.0149],[104.9209,58.9587],[104.9087,58.9477],[104.9152,58.9324],[104.8827,58.9215],[104.8911,58.9086],[104.8326,58.9003],[104.7893,58.8668],[104.7639,58.8418],[104.7546,58.8072],[104.786,58.8028],[104.7808,58.7919],[104.8149,58.7701],[104.8945,58.7474],[104.8173,58.6928],[104.8135,58.6775],[104.7405,58.675],[104.6628,58.6453],[104.6294,58.6501],[104.6165,58.641],[104.6252,58.6287],[104.6083,58.622],[104.5252,58.6384],[104.4954,58.6131],[104.4675,58.6088],[104.4089,58.6281],[104.4091,58.6457],[104.3467,58.6729],[104.3875,58.7093],[104.3824,58.727],[104.3311,58.7342],[104.2542,58.716],[104.1994,58.7604],[104.211,58.7863],[104.1919,58.7857],[104.1755,58.7651],[104.0362,58.7887],[104.0274,58.7697],[103.9684,58.7273],[103.8881,58.7386],[103.8865,58.7493],[103.9651,58.7708],[103.9504,58.7884],[103.9587,58.8286],[103.9492,58.8342],[103.9791,58.848],[103.986,58.8753],[103.9537,58.8734],[103.9402,58.8912],[103.9462,58.9038],[103.8949,58.9226],[103.7832,58.9089],[103.728,58.916],[103.7001,58.9351],[103.6245,58.9231],[103.5931,58.9445],[103.608,58.9633],[103.5856,58.9679],[103.5913,58.9778],[103.5632,58.9881],[103.5659,58.9984],[103.516,59.0006],[103.513,59.0112],[103.4858,59.0159],[103.4608,59.0087],[103.4347,59.0262],[103.3937,59.029],[103.3862,59.0514],[103.3593,59.0611],[103.3534,59.0855],[103.3169,59.1097],[103.3248,59.1215],[103.3131,59.134],[103.2862,59.1575],[103.2386,59.1731],[103.2527,59.1923],[103.2234,59.2059],[103.2355,59.2111],[103.2148,59.2338],[103.3639,59.2369],[103.3509,59.2522],[103.3563,59.2642],[103.3313,59.2733],[103.3039,59.2679],[103.2323,59.2907],[103.2126,59.2784],[103.2101,59.2559],[103.1369,59.2585],[103.0618,59.2818],[103.0465,59.3105],[103.0144,59.318],[102.9895,59.3103],[102.9832,59.2957],[102.9394,59.2987],[102.8825,59.2551],[102.8555,59.2494],[102.8668,59.2183],[102.8185,59.1917],[102.7846,59.2024],[102.6487,59.1977],[102.6167,59.2116],[102.5636,59.2094],[102.5506,59.1887],[102.4843,59.1863],[102.4832,59.2003],[102.4411,59.2147],[102.4661,59.2378],[102.5323,59.2497],[102.5155,59.2549],[102.5258,59.2623],[102.5126,59.277],[102.5325,59.2942],[102.4971,59.3339],[102.4871,59.3896],[102.5085,59.4083],[102.5731,59.4094],[102.6415,59.4344],[102.6444,59.4481],[102.64,59.4627],[102.5295,59.4757],[102.523,59.4819],[102.5419,59.4932],[102.4582,59.5268],[102.483,59.5574],[102.4576,59.587],[102.4604,59.6125],[102.5045,59.6225],[102.5042,59.6376],[102.3987,59.6551],[102.2369,59.5971],[102.1077,59.5939],[102.074,59.6263],[101.7874,59.6887],[101.8005,59.7137],[101.7296,59.7452],[101.5737,59.7459],[101.4711,59.7304],[101.4569,59.7228],[101.4704,59.6949],[101.4488,59.688],[101.3574,59.7052],[101.3109,59.6952],[101.2371,59.7136],[101.1778,59.7044],[101.0691,59.7286],[101.0255,59.7188],[100.9441,59.7724],[100.8656,59.7884],[100.7522,59.7699],[100.6551,59.7868],[100.6524,59.8011],[100.6262,59.8083],[100.5544,59.7931],[100.4969,59.8419],[100.4394,59.854],[100.4367,59.865],[100.3155,59.8463],[100.1929,59.8607],[100.117,59.898],[100.0739,59.9],[100.0687,59.9159],[100.0946,59.9241],[100.0965,59.9497],[100.1114,59.9581],[100.0657,60.0],[99.9999,60.0128],[99.9676,60.0271],[99.962,60.0428],[99.8893,60.0428],[99.877,60.0584],[99.8413,60.057],[99.8445,60.0859],[99.7897,60.0769],[99.7168,60.0869],[99.6475,60.1214],[99.605,60.1145],[99.5777,60.0935],[99.4733,60.0944],[99.3934,60.0793],[99.4167,60.0583],[99.4055,60.0327],[99.3348,60.0065],[99.3127,59.9832],[99.2232,59.968],[99.1149,59.9119],[99.0847,59.8849],[99.1039,59.8656],[99.098,59.8439],[99.0245,59.8147],[98.9999,59.7766],[98.9369,59.7712],[98.9281,59.7844],[98.9361,59.7962],[98.9011,59.8062],[98.8828,59.8321],[98.8299,59.8204],[98.7937,59.7935],[98.6424,59.7891],[98.6052,59.7671],[98.5449,59.7792],[98.5117,59.7718],[98.4439,59.7908],[98.358,59.7511],[98.3361,59.7276],[98.264,59.7273],[98.217,59.7589],[98.1265,59.7732],[98.0734,59.7518],[98.0775,59.7431],[98.0506,59.728],[97.9516,59.7306],[97.9275,59.7223],[97.9208,59.7063],[97.7891,59.7086],[97.7567,59.6896],[97.6956,59.6843],[97.5776,59.7047],[97.5002,59.7354],[97.4575,59.7351],[97.439,59.7285],[97.4404,59.7123],[97.4185,59.7023],[97.423,59.6943],[97.3591,59.6648],[97.2896,59.6592],[97.2765,59.6417],[97.1982,59.6195],[97.1887,59.5907],[97.2319,59.5753],[97.2303,59.556],[97.2143,59.5464],[97.2201,59.538],[97.1206,59.5054],[97.0344,59.5046],[96.9615,59.5441],[96.9051,59.5566],[96.8278,59.5432],[96.7849,59.5548],[96.6736,59.5388],[96.5548,59.5441],[96.4505,59.4777],[96.3523,59.4758],[96.294,59.5082],[96.3324,59.5307],[96.3308,59.555],[96.2748,59.5763],[96.2589,59.5996],[96.277,59.6197],[96.2391,59.6315],[96.1267,59.5671],[96.0601,59.561],[96.017,59.57],[95.9557,59.6332],[95.8781,59.6317],[95.7833,59.6124],[95.7565,59.5963],[95.761,59.577],[95.717,59.5583],[95.6096,59.5743],[95.5887,59.5846],[95.5806,59.6113],[95.4999,59.642],[95.3161,59.6528],[95.3101,59.6438],[95.2904,59.6534],[95.2841,59.643],[95.2422,59.642],[95.2489,59.6509],[95.2219,59.6545],[95.2268,59.6728],[95.1994,59.688],[95.213,59.7006],[95.1675,59.7156],[95.1581,59.7242],[95.1726,59.7363],[95.1538,59.7382],[95.1585,59.7465],[95.1423,59.7543],[95.1511,59.7579],[95.1407,59.7571],[95.1467,59.7822],[95.1794,59.7894],[95.1801,59.806],[95.1329,59.8317],[95.1245,59.8681],[95.0657,59.8937],[95.052,59.941],[95.025,59.9676],[95.0338,59.987],[95.0112,60.0062],[95.0777,60.0296],[95.0887,60.0459],[95.0755,60.0691],[94.9815,60.1154],[94.9947,60.1298],[94.9885,60.1617],[95.0024,60.1651],[95.0229,60.2004],[94.9689,60.2084],[94.9336,60.2354],[94.9638,60.2702],[94.9696,60.2999],[94.9973,60.3133],[94.9864,60.329],[95.0242,60.343],[95.0247,60.3657],[95.064,60.3891],[95.155,60.4184],[95.1925,60.4088],[95.2663,60.4156],[95.2969,60.4478],[95.2824,60.478],[95.2314,60.5011],[95.2294,60.5149],[95.2522,60.54],[95.2381,60.5601],[95.3095,60.5805],[95.3336,60.6137],[95.3941,60.6388],[95.4325,60.6746],[95.4884,60.6878],[95.4891,60.7009],[95.4594,60.7263],[95.3929,60.7472],[95.3294,60.7476],[95.3687,60.789],[95.4184,60.8161],[95.3944,60.8305],[95.4008,60.8399],[95.388,60.8555],[95.3983,60.8696],[95.3511,60.9369],[95.3103,60.938],[95.3057,60.95],[95.3262,60.965],[95.2378,60.9948],[95.1521,61.0673],[95.1191,61.0727],[95.1152,61.0951],[94.9194,61.108],[94.8832,61.1307],[94.8217,61.129],[94.7853,61.1487],[94.7352,61.1496],[94.7279,61.1634],[94.6423,61.1563],[94.6154,61.1678],[94.5829,61.163],[94.546,61.1811],[94.5059,61.1578],[94.3815,61.1229],[94.2451,61.1242],[94.2255,61.0913],[94.1335,61.0692],[94.1398,61.0624],[94.1244,61.0405],[94.0857,61.0241],[94.0981,60.9995],[94.0329,60.9805],[94.0295,60.9651],[93.9768,61.008],[93.9724,61.0346],[93.9209,61.063],[93.7323,61.0432],[93.6928,61.0525],[93.6392,61.0895],[93.5682,61.1094],[93.5303,61.1092],[93.4717,61.087],[93.345,61.1043],[93.3224,61.1374],[93.1602,61.2477],[93.1491,61.2648],[93.163,61.2848],[93.148,61.3035],[93.1679,61.3214],[93.0087,61.3689],[92.9746,61.3451],[92.9296,61.3365],[92.8293,61.3653],[92.7117,61.3177],[92.6328,61.3179],[92.6245,61.2991],[92.8257,61.2323],[92.7773,61.2173],[92.8729,61.1907],[92.8868,61.1729],[92.8825,61.1417],[92.9347,61.1282],[92.9057,61.1239],[92.9238,61.1089],[92.872,61.1001],[92.8859,61.0992],[92.8974,61.0706],[92.7582,61.0919],[92.6856,61.1335],[92.6284,61.1461],[92.5596,61.1959],[92.4657,61.2],[92.3992,61.1531],[92.4229,61.1288],[92.3932,61.1139],[92.4139,61.0734],[92.4353,61.0602],[92.4307,61.0393],[92.4458,61.0307],[92.4277,61.0273],[92.4316,61.015],[92.4711,61.0006],[92.4086,60.9731],[92.2238,60.987],[92.2146,60.9751],[92.2305,60.9544],[92.189,60.9331],[92.1634,60.9342],[92.1783,60.9192],[92.1289,60.8912],[92.1345,60.8325],[92.0879,60.8101],[92.065,60.8128],[91.9642,60.7556],[91.3832,60.751],[91.4426,60.7985],[91.4237,60.8137],[91.4268,60.8348],[91.4036,60.8398],[91.4147,60.8543],[91.3391,60.8679],[91.3319,60.9002],[91.29,60.914],[91.3079,60.9234],[91.2223,60.9606],[90.991,61.1692],[90.9125,61.2048],[90.9242,61.2188],[90.9122,61.2276],[90.854,61.2416],[90.8459,61.2537],[90.8787,61.2696],[90.8682,61.2784],[90.8779,61.2948],[90.8572,61.3218],[90.866,61.3326],[90.8501,61.3515],[90.7916,61.3642],[90.7786,61.3771],[90.7869,61.3849],[90.7547,61.3868],[90.7712,61.4124],[90.7605,61.4198],[90.7678,61.4475],[90.724,61.4413],[90.6465,61.4714],[90.6626,61.5199],[90.7094,61.5418],[90.7051,61.5694],[90.7258,61.5787],[90.7101,61.5884],[90.7414,61.5939],[90.7354,61.6134],[90.7698,61.6315],[90.757,61.6543],[90.8986,61.6444],[90.9128,61.6558],[90.9004,61.6604],[90.9132,61.6635],[90.9047,61.6694],[90.9232,61.6771],[90.8517,61.7058],[90.8596,61.7091],[90.8255,61.7345],[90.8414,61.7486],[90.8189,61.7674],[90.8316,61.7758],[90.7887,61.7859],[90.7966,61.8022],[90.7452,61.8081],[90.6881,61.8383],[90.6892,61.8603],[90.7038,61.8647],[90.6378,61.8941],[90.6372,61.9248],[90.5982,61.9306],[90.5614,61.9197],[90.5344,61.9301],[90.4698,61.9766],[90.4216,62.0535],[90.3857,62.0793],[90.2367,62.1168],[90.1961,62.1701],[90.1985,62.1819],[90.1556,62.2154],[90.2009,62.2328],[90.2037,62.2522],[90.2613,62.2567],[90.3143,62.2815],[90.3202,62.3008],[90.3634,62.334],[90.3538,62.3485],[90.3662,62.3847],[90.4202,62.3814],[90.4155,62.3976],[90.463,62.4261],[90.4696,62.4467],[90.5112,62.457],[90.5102,62.4722],[90.532,62.4863],[90.6286,62.5019],[90.7647,62.4918],[90.9117,62.5054],[90.9206,62.5189],[90.9102,62.5563],[90.9659,62.5627],[90.9852,62.5846],[90.9996,62.6467],[91.0282,62.6815],[91.1308,62.7434],[91.3375,62.8042],[91.7397,62.9593],[91.8413,63.0336],[91.795,63.0763],[91.7859,63.1144],[91.7362,63.1243],[91.7278,63.1456],[91.6928,63.1591],[91.6893,63.198]]]]}},{"type":"Feature","id":1165290,"properties":{"id":"1165290","name":"ЗАТО Железногорск"},"geometry":{"type":"MultiPolygon","coordinates":[[[[93.7296,56.3328],[93.733,56.3127],[93.6515,56.2072],[93.5667,56.1531],[93.4413,56.1466],[93.4175,56.1598],[93.4257,56.174],[93.4171,56.1794],[93.3495,56.1579],[93.4285,56.2117],[93.405,56.2715],[93.4821,56.3065],[93.56,56.3066],[93.5797,56.3237],[93.5893,56.3689],[93.6136,56.3873],[93.6495,56.3805],[93.7786,56.3983],[93.7783,56.3806],[93.8218,56.3803],[93.8121,56.3728],[93.8258,56.3541],[93.7275,56.3467],[93.7296,56.3328]]],[[[93.6017,56.3871],[93.5738,56.3685],[93.5744,56.3295],[93.5521,56.3155],[93.4901,56.318],[93.4438,56.3053],[93.4191,56.3428],[93.3688,56.3466],[93.3854,56.3636],[93.4381,56.3674],[93.4838,56.3878],[93.5209,56.3747],[93.6017,56.3871]]],[[[93.407,56.1299],[93.4678,56.1371],[93.4953,56.1149],[93.4951,56.0947],[93.4136,56.0897],[93.416,56.1137],[93.399,56.1073],[93.407,56.1299]]]]}},{"type":"Feature","id":1165292,"properties":{"id":"1165292","name":"Таймырский Долгано-Ненецкий муниципальный округ"},"geometry":{"type":"MultiPolygon","coordinates":[[[[109.2369,77.0474],[109.6951,76.9566],[110.7771,76.988],[111.4936,76.9586],[111.7643,76.9213],[111.9425,76.8829],[112.8047,76.8119],[113.1147,76.7595],[113.3302,76.6966],[113.4154,76.6554],[113.8448,76.591],[114.0271,76.5447],[114.2054,76.4778],[114.296,76.4235],[114.33,76.3813],[114.3244,76.326],[114.3653,76.1392],[114.659,75.9882],[114.7293,75.9226],[114.7396,75.8424],[114.7061,75.7512],[114.6652,75.7064],[114.5747,75.6475],[114.4916,75.5514],[114.527,75.5105],[114.5534,75.4396],[114.5437,75.4052],[114.4869,75.3404],[114.4637,75.2847],[114.3848,75.2123],[114.1464,75.0936],[113.5666,74.8938],[112.9093,74.8708],[112.3679,74.6517],[111.0591,74.4435],[110.4853,74.3253],[110.5529,74.2992],[111.1402,74.1899],[111.6695,74.1427],[111.8735,74.1051],[111.8985,74.008],[111.883,73.9898],[111.3654,73.8606],[111.2951,73.853],[111.3223,73.8494],[111.307,73.8421],[111.2231,73.8418],[111.2335,73.8344],[111.2222,73.8312],[111.2421,73.831],[111.2122,73.8171],[111.1398,73.8298],[111.1305,73.8241],[111.1461,73.8186],[111.0632,73.8241],[110.9917,73.8129],[110.9072,73.7688],[110.8067,73.7459],[110.7844,73.7281],[110.8038,73.7099],[110.8372,73.7029],[110.9477,73.7027],[111.0097,73.6925],[111.0161,73.6795],[111.1033,73.6731],[111.1139,73.6611],[111.1869,73.6628],[111.1563,73.6454],[111.1934,73.6442],[111.1947,73.6251],[111.2247,73.6287],[111.2297,73.6172],[111.2925,73.6191],[111.2854,73.6113],[111.2224,73.5995],[111.1699,73.6084],[111.183,73.5925],[111.01,73.558],[110.8965,73.5657],[110.8744,73.5625],[110.8725,73.5494],[110.8079,73.5457],[110.8039,73.5376],[110.8409,73.5301],[110.812,73.5113],[110.7162,73.5042],[110.7245,73.4938],[110.68,73.4871],[110.6911,73.4725],[110.6568,73.4561],[110.6788,73.4426],[110.5477,73.4124],[110.5597,73.4068],[110.209,73.3964],[110.1579,73.4164],[110.1202,73.4054],[110.1574,73.3989],[110.1282,73.3874],[110.1734,73.3817],[110.1694,73.3736],[110.1887,73.3834],[110.2092,73.3786],[110.2025,73.3698],[110.2432,73.3777],[110.2593,73.3618],[110.3217,73.3612],[110.3253,73.3491],[110.3749,73.3526],[110.3825,73.3348],[110.3974,73.3376],[110.3858,73.3466],[110.4194,73.3384],[110.451,73.3475],[110.4615,73.335],[110.5435,73.3332],[110.5327,73.3186],[110.562,73.309],[110.5394,73.2974],[110.6264,73.2676],[110.6237,73.2549],[110.583,73.2408],[110.3486,73.198],[110.3676,73.1828],[110.3425,73.1668],[110.3796,73.1625],[110.3738,73.1519],[110.5382,73.1494],[110.653,73.1651],[110.7314,73.1536],[110.8502,73.1607],[110.8387,73.1437],[110.8126,73.137],[110.8384,73.1326],[110.8156,73.1209],[110.8208,73.1113],[110.7455,73.1029],[110.7989,73.0868],[110.8019,73.0684],[110.8608,73.0553],[110.8538,73.0474],[110.8083,73.0194],[110.722,73.0205],[110.7342,73.0128],[110.7121,73.0083],[110.7219,73.0008],[110.6607,72.988],[110.7128,72.9692],[110.6607,72.9591],[110.7056,72.9394],[110.7179,72.9415],[110.6849,72.9521],[110.6882,72.9608],[110.7217,72.9586],[110.7378,72.9442],[110.7405,72.9571],[110.8269,72.9509],[110.8462,72.9374],[110.8899,72.9511],[110.9086,72.9401],[110.796,72.9176],[110.822,72.9189],[110.8186,72.9114],[110.7008,72.9035],[110.6287,72.8841],[110.6484,72.8746],[110.6374,72.8665],[110.6669,72.8623],[110.6285,72.8475],[110.7311,72.8297],[110.7209,72.8116],[110.7463,72.8088],[110.6561,72.7922],[110.6647,72.7746],[110.6878,72.7686],[110.6559,72.7558],[110.7036,72.7287],[110.6967,72.7066],[110.724,72.6861],[110.7113,72.6784],[110.763,72.6469],[110.9101,72.6312],[110.8632,72.6035],[110.9146,72.5918],[110.8693,72.5846],[110.8812,72.577],[110.9327,72.5712],[110.9622,72.5811],[111.0272,72.5632],[111.1787,72.5578],[111.244,72.5353],[111.2446,72.5224],[111.3085,72.5103],[111.2935,72.507],[111.3043,72.4975],[111.2876,72.4862],[111.1349,72.4485],[111.0083,72.4423],[111.0127,72.4262],[111.0748,72.4122],[111.0083,72.3892],[111.0547,72.3786],[111.0476,72.3706],[111.0628,72.365],[111.3027,72.3406],[111.2914,72.3294],[111.325,72.3158],[111.5748,72.3244],[111.5868,72.309],[111.6427,72.2977],[111.6374,72.2822],[111.6684,72.2584],[111.5823,72.2263],[111.5881,72.214],[111.6239,72.2077],[111.6917,72.2209],[111.7159,72.2111],[111.69,72.1945],[111.7094,72.1812],[111.6978,72.174],[111.7083,72.1665],[111.7947,72.1614],[111.8232,72.142],[111.8657,72.1405],[111.8604,72.1324],[111.9679,72.1352],[112.0007,72.1244],[112.0005,71.4023],[112.2206,71.3779],[112.3352,71.3418],[112.3806,71.3082],[112.4519,71.3],[112.4693,71.2766],[112.6037,71.2941],[112.6349,71.2897],[112.6582,71.2647],[112.725,71.2522],[112.6666,71.1953],[112.5123,71.1713],[112.5195,71.1491],[112.5996,71.1092],[112.594,71.1025],[112.5093,71.1016],[112.4637,71.071],[112.356,71.0712],[112.2772,71.0443],[112.2772,71.0285],[112.2461,70.9998],[112.1841,71.0133],[112.1058,71.0601],[112.0376,71.0545],[111.99,71.0302],[111.9805,71.0],[111.9346,70.9742],[111.8677,70.9773],[111.8011,70.9575],[111.7388,70.9719],[111.6327,70.9381],[111.4788,70.9288],[111.4321,70.8813],[111.3727,70.8618],[111.195,70.8613],[111.0513,70.8446],[110.8442,70.7834],[110.7689,70.7994],[110.6223,70.7874],[110.5108,70.7656],[110.5098,70.7485],[110.4937,70.739],[110.508,70.7243],[110.4507,70.7056],[110.3498,70.6953],[110.3086,70.6701],[110.1267,70.6377],[110.145,70.6088],[110.1059,70.5901],[110.1537,70.5435],[110.0924,70.5376],[110.0825,70.5252],[110.1246,70.4997],[110.1159,70.4761],[110.206,70.4457],[110.306,70.4342],[110.3202,70.4261],[110.3135,70.409],[110.159,70.4119],[110.073,70.3975],[110.0091,70.4137],[109.9933,70.3978],[109.9523,70.391],[109.6405,70.3723],[109.5583,70.3522],[109.6002,70.3316],[109.5853,70.3237],[109.6117,70.3053],[109.6167,70.2852],[109.5756,70.2524],[109.4431,70.2165],[109.3009,70.2083],[109.3084,70.1774],[109.2946,70.1667],[109.3065,70.1558],[109.2958,70.1487],[109.3632,70.1302],[109.3537,70.1149],[109.3616,70.0968],[109.3475,70.0871],[109.3549,70.0788],[109.4394,70.0412],[109.4995,70.0446],[109.5464,70.0278],[109.53,69.9934],[109.461,69.986],[109.4044,69.963],[109.407,69.9317],[109.3733,69.9089],[109.4137,69.8938],[109.3898,69.8754],[109.3784,69.8375],[109.3859,69.8244],[109.3292,69.8217],[109.3256,69.7891],[109.2957,69.7743],[109.2011,69.7546],[109.1209,69.7691],[108.9446,69.7706],[108.917,69.8023],[108.9327,69.8247],[108.8989,69.8428],[108.6891,69.8286],[108.2487,69.8544],[108.2264,69.8484],[108.2273,69.8306],[108.1503,69.8129],[108.1179,69.7865],[108.0226,69.7879],[108.0556,69.767],[108.0057,69.7487],[108.0308,69.7252],[108.0128,69.7046],[108.0194,69.6984],[107.9731,69.6872],[107.9529,69.669],[107.8443,69.6864],[107.6065,69.6605],[107.4113,69.616],[107.1761,69.5866],[107.0696,69.5562],[106.8521,69.5228],[106.7445,69.5348],[106.6307,69.528],[106.6157,69.559],[106.5976,69.568],[106.4971,69.581],[106.455,69.5745],[106.4043,69.5377],[106.3289,69.5412],[106.2738,69.5243],[106.2097,69.5323],[106.1575,69.5539],[106.0854,69.5513],[106.0648,69.5389],[106.078,69.5227],[106.0602,69.5121],[105.8605,69.5098],[105.7788,69.4921],[105.7849,69.4791],[105.8336,69.4618],[105.8117,69.4285],[105.8178,69.4155],[105.693,69.3858],[105.6759,69.369],[105.5236,69.3503],[105.4149,69.3693],[105.3531,69.3443],[105.271,69.3408],[105.2272,69.3726],[105.2474,69.4039],[105.2445,69.4193],[105.2261,69.4277],[104.9741,69.4274],[104.8193,69.4595],[104.5959,69.4477],[104.4508,69.4622],[104.36,69.4477],[104.3566,69.4383],[104.4039,69.4012],[104.3531,69.3765],[104.345,69.3474],[104.2937,69.3485],[104.2498,69.332],[104.1055,69.366],[104.0102,69.3485],[104.0192,69.3418],[104.0064,69.3322],[103.9526,69.3214],[103.9638,69.3124],[103.9313,69.2938],[103.8034,69.2826],[103.7322,69.2989],[103.6933,69.2934],[103.6559,69.3155],[103.538,69.3453],[103.5323,69.3553],[103.5621,69.3752],[103.5405,69.3969],[103.4936,69.4045],[103.3477,69.3882],[103.1697,69.4056],[102.9565,69.3522],[102.958,69.3418],[102.7764,69.3546],[102.6848,69.3709],[102.6663,69.3852],[102.1948,69.4569],[102.1329,69.4759],[102.2196,69.499],[102.2184,69.5173],[102.1504,69.5266],[102.1114,69.5477],[102.1207,69.5531],[101.9613,69.5972],[101.848,69.6085],[101.6929,69.6133],[101.6837,69.5988],[101.6397,69.5953],[101.6192,69.5808],[101.5845,69.5901],[101.5646,69.5778],[101.5087,69.5844],[101.489,69.567],[101.279,69.6091],[100.9679,69.6274],[100.8425,69.6592],[100.7479,69.66],[100.7105,69.6452],[100.6872,69.6158],[100.6965,69.607],[100.6082,69.5939],[100.5627,69.5622],[100.4923,69.5502],[100.4326,69.5718],[100.4036,69.5945],[100.3907,69.6232],[100.3484,69.645],[100.4291,69.6756],[100.4398,69.6939],[100.4037,69.7194],[100.4045,69.7524],[100.319,69.7572],[100.2749,69.7734],[100.2743,69.7847],[100.3246,69.8052],[100.315,69.8173],[100.2592,69.8247],[100.1951,69.8578],[100.0844,69.8637],[99.9171,69.8952],[99.8256,69.8825],[99.767,69.9002],[99.7312,69.8971],[99.7377,69.9145],[99.6877,69.904],[99.6759,69.9223],[99.6311,69.9171],[99.5636,69.9301],[99.3322,69.9171],[99.3582,69.9016],[99.3085,69.8777],[99.3396,69.8643],[99.3999,69.8691],[99.401,69.8566],[99.2787,69.8157],[99.3368,69.7783],[99.3358,69.7573],[99.225,69.7379],[99.0936,69.7641],[98.7527,69.753],[98.6861,69.7703],[98.5001,69.7519],[98.4359,69.7745],[98.2161,69.808],[98.2123,69.8187],[98.1786,69.8255],[98.0898,69.8035],[98.0148,69.8096],[97.9471,69.7933],[97.8231,69.7177],[97.7648,69.7104],[97.7097,69.6851],[97.4359,69.7091],[97.343,69.6833],[97.2165,69.68],[97.1718,69.6685],[97.1897,69.6369],[97.1659,69.6255],[97.1727,69.6186],[97.1481,69.6158],[97.1643,69.6061],[97.1212,69.6001],[97.101,69.5799],[96.9632,69.5578],[96.7865,69.5759],[96.6455,69.5654],[96.5897,69.5434],[96.5953,69.5163],[96.5125,69.48],[96.4492,69.4678],[96.3547,69.4711],[96.2485,69.4195],[95.9983,69.3662],[96.0207,69.3494],[95.9438,69.348],[95.9093,69.3321],[95.8253,69.3385],[95.7321,69.3213],[95.5878,69.3199],[95.3932,69.2984],[95.0815,69.1906],[95.0832,69.1341],[95.0251,69.1335],[94.8368,69.0874],[94.8322,69.0755],[94.8891,69.0542],[94.9064,69.028],[94.8972,69.0053],[94.9791,68.9916],[94.9969,68.9716],[94.9337,68.9489],[94.6842,68.9353],[94.6802,68.8973],[94.6238,68.8752],[94.6267,68.8459],[94.5725,68.8391],[94.5678,68.8185],[94.5165,68.8009],[94.4632,68.7948],[94.4694,68.7669],[94.3977,68.7593],[94.3668,68.696],[94.2825,68.6807],[94.2742,68.6541],[94.2037,68.6282],[94.2078,68.5974],[94.1478,68.5686],[94.2781,68.4742],[94.1983,68.435],[94.1929,68.3794],[94.0243,68.3617],[93.6867,68.4257],[93.4233,68.4381],[93.3046,68.4582],[93.1202,68.4465],[93.025,68.4229],[92.9813,68.393],[92.9595,68.3556],[92.7872,68.2921],[92.7641,68.2315],[92.7747,68.1929],[92.6935,68.1316],[92.5686,68.073],[92.2524,67.9738],[92.2095,67.9467],[91.9056,67.8316],[91.887,67.8163],[91.8859,67.7546],[91.809,67.7093],[91.7828,67.663],[91.7665,67.6634],[91.7771,67.6608],[91.7215,67.6256],[91.7358,67.627],[91.7181,67.6204],[91.7208,67.6114],[91.626,67.5887],[91.5611,67.5542],[91.5599,67.5347],[91.449,67.5093],[91.3688,67.473],[91.3726,67.4617],[91.3582,67.4554],[91.3151,67.4651],[91.2467,67.4528],[91.2489,67.4658],[91.206,67.4832],[91.1292,67.4909],[91.0811,67.462],[90.9909,67.4554],[90.9627,67.4226],[90.9362,67.4147],[90.7902,67.4259],[90.5921,67.3794],[90.2026,67.4371],[90.1465,67.4597],[90.0206,67.4712],[89.6392,67.4389],[89.5268,67.4069],[89.2765,67.5108],[89.1586,67.4667],[89.1644,67.4251],[89.1178,67.3838],[89.0672,67.3699],[88.8817,67.3696],[88.7229,67.4075],[88.6443,67.4054],[88.5628,67.3744],[88.3541,67.4047],[88.2803,67.3924],[88.2369,67.4033],[88.1625,67.3748],[88.1183,67.3742],[88.0678,67.3963],[88.0562,67.4251],[87.9572,67.4229],[87.8897,67.3611],[87.8551,67.3477],[87.4678,67.3463],[87.4125,67.3845],[86.8364,67.6485],[86.5414,68.1123],[85.9626,68.0828],[85.6714,68.0349],[85.6984,68.0231],[85.6789,68.0065],[85.6971,68.0012],[85.6935,67.9924],[85.7091,67.9849],[85.7015,67.979],[85.7153,67.9738],[85.6798,67.9533],[85.6953,67.9463],[85.688,67.9288],[85.6994,67.9216],[85.6519,67.9067],[85.5423,67.9144],[85.5145,67.8846],[85.4711,67.871],[85.4736,67.8578],[85.4267,67.8183],[85.4538,67.8075],[85.3113,67.7914],[85.3163,67.7819],[85.287,67.7607],[85.2933,67.7487],[85.2575,67.7449],[85.2586,67.733],[85.2124,67.72],[85.2063,67.7076],[85.1505,67.7012],[85.154,67.6881],[85.2132,67.6777],[85.2199,67.6582],[85.2467,67.6457],[85.3691,67.6348],[85.3694,67.617],[85.3398,67.607],[85.3467,67.5879],[85.3149,67.5606],[85.2702,67.5464],[85.2581,67.5589],[85.1998,67.5656],[85.1945,67.554],[85.2223,67.5463],[85.1191,67.5244],[85.1095,67.5116],[85.0654,67.5157],[85.0545,67.5046],[85.1028,67.4973],[85.0243,67.4564],[84.998,67.43],[85.0077,67.4112],[84.9346,67.4117],[84.888,67.3893],[84.9394,67.3564],[85.1902,67.3501],[85.0889,67.3275],[85.086,67.3119],[85.0536,67.3182],[85.037,67.3039],[85.0588,67.2891],[85.0475,67.2802],[84.9437,67.2557],[84.9268,67.2364],[84.8565,67.2288],[84.8679,67.2244],[84.8554,67.2178],[84.7794,67.2148],[84.6902,67.2348],[84.711,67.252],[84.6884,67.2646],[84.6977,67.2719],[84.683,67.2711],[84.69,67.2838],[84.6737,67.2844],[84.6839,67.2893],[84.6562,67.2983],[84.6802,67.3134],[84.6435,67.307],[84.6535,67.323],[84.5771,67.3394],[84.5918,67.3512],[84.5151,67.3502],[84.5202,67.3423],[84.4969,67.338],[84.4275,67.3466],[84.4339,67.3581],[84.4079,67.3816],[84.4143,67.3879],[84.359,67.4334],[84.3986,67.4362],[84.4027,67.4469],[84.3905,67.455],[84.4222,67.4572],[84.393,67.4749],[84.4126,67.4803],[84.4018,67.4987],[84.2348,67.4977],[84.2274,67.5192],[84.2038,67.5328],[84.2158,67.5553],[84.1917,67.5716],[84.1471,67.5735],[84.1693,67.5936],[84.1186,67.611],[84.1263,67.6224],[84.0345,67.644],[84.0366,67.626],[83.9803,67.6311],[84.0028,67.6229],[83.991,67.6175],[83.9497,67.6156],[83.8761,67.64],[83.8107,67.6248],[83.8035,67.6133],[83.7608,67.6156],[83.7943,67.6371],[83.7798,67.653],[83.8044,67.6589],[83.7969,67.6676],[83.8126,67.6812],[83.7842,67.684],[83.7971,67.6927],[83.7724,67.7029],[83.7798,67.7255],[83.7518,67.7366],[83.7418,67.7611],[83.713,67.7683],[83.7379,67.7813],[83.6907,67.7849],[83.632,67.8197],[83.5513,67.8176],[83.4582,67.8514],[83.472,67.8746],[83.5078,67.8901],[83.5086,67.9062],[83.4722,67.9166],[83.4157,67.8974],[83.366,67.9111],[83.3653,67.9326],[83.3828,67.9515],[83.3649,67.9729],[83.3947,67.9893],[83.3289,67.9782],[83.2497,67.9962],[83.2524,67.9646],[83.2402,67.9597],[83.2143,67.9623],[83.1923,67.9841],[83.134,67.962],[83.109,67.97],[83.1351,67.9894],[83.0963,68.0177],[83.1061,68.0336],[83.1445,68.0415],[83.1972,68.0307],[83.2042,68.0383],[83.1722,68.05],[83.2673,68.0564],[83.2945,68.0839],[83.3447,68.0954],[83.3602,68.123],[83.3131,68.1433],[83.2979,68.1741],[83.243,68.1912],[83.1486,68.1877],[83.1626,68.2037],[83.155,68.2154],[83.1851,68.2368],[83.1753,68.2627],[83.1456,68.28],[83.0694,68.2813],[82.9125,68.3243],[82.9018,68.331],[82.9077,68.3415],[82.8653,68.3473],[82.7044,68.4129],[82.6885,68.4774],[82.621,68.5478],[82.6285,68.5904],[82.6488,68.6088],[82.6988,68.6224],[82.8378,68.6419],[82.8722,68.6662],[82.8702,68.6844],[82.8363,68.7353],[82.8007,68.7592],[82.5662,68.8191],[82.5402,68.8976],[82.4937,68.9716],[82.4287,69.0128],[82.3454,69.0275],[82.3145,69.0498],[82.3607,69.074],[82.4735,69.0804],[82.461,69.096],[82.5052,69.1106],[82.4551,69.116],[82.465,69.1529],[82.3959,69.1739],[82.3237,69.1756],[82.252,69.1569],[82.1385,69.1624],[82.02,69.1924],[81.8352,69.1986],[81.7974,69.2388],[81.8053,69.2537],[81.9525,69.3233],[81.9641,69.333],[81.9612,69.3525],[81.822,69.4271],[81.7143,69.4551],[81.641,69.4136],[81.6531,69.3679],[81.6396,69.3444],[81.6113,69.3326],[81.6765,69.3166],[81.5855,69.2695],[81.4379,69.2482],[81.3351,69.2844],[81.2361,69.2635],[81.1967,69.24],[81.1333,69.2415],[80.9609,69.2004],[80.9299,69.2037],[80.9187,69.2292],[80.8983,69.2335],[80.9314,69.2378],[80.8723,69.2398],[80.8742,69.2494],[80.8338,69.2583],[80.8413,69.2641],[80.7923,69.2715],[80.7706,69.2918],[80.7655,69.3168],[80.7424,69.3071],[80.6989,69.3198],[80.653,69.3161],[80.6377,69.3058],[80.5544,69.3197],[80.5388,69.3057],[80.4968,69.3238],[80.447,69.3164],[80.4326,69.3311],[80.3585,69.3226],[80.2367,69.366],[80.1203,69.3479],[80.1151,69.3544],[80.1398,69.3655],[80.1215,69.3701],[80.0805,69.3518],[80.0317,69.3652],[79.9641,69.3573],[79.9684,69.3439],[79.9586,69.3414],[79.8953,69.3641],[79.8244,69.3455],[79.8339,69.3633],[79.8699,69.3665],[79.818,69.3892],[79.7649,69.3932],[79.7955,69.4245],[79.7412,69.4303],[79.7242,69.4183],[79.6618,69.4286],[79.6599,69.4367],[79.7004,69.4413],[79.6169,69.4565],[79.6473,69.4742],[79.6303,69.4857],[79.5853,69.4846],[79.6267,69.5063],[79.569,69.5328],[79.587,69.5483],[79.5592,69.5616],[79.5623,69.5714],[79.5447,69.5833],[79.5547,69.5934],[79.4476,69.6079],[79.5108,69.6291],[79.4514,69.6365],[79.4654,69.6599],[79.4211,69.6619],[79.3849,69.6479],[79.3714,69.6616],[79.3103,69.6585],[79.2668,69.6883],[79.1265,69.686],[79.0954,69.7065],[79.0422,69.6954],[79.0537,69.7087],[79.1527,69.7287],[79.1666,69.7413],[79.141,69.7533],[79.0879,69.7503],[79.085,69.7616],[79.1245,69.7866],[78.9927,69.81],[79.0462,69.8246],[79.0448,69.8346],[78.9112,69.8556],[78.9133,69.8682],[78.8805,69.8801],[78.9905,69.8865],[79.0452,69.9071],[79.0616,69.9335],[79.1158,69.933],[79.1615,69.9526],[79.1397,69.9606],[79.1529,69.973],[79.2032,69.9729],[79.1428,69.9899],[79.1765,69.9988],[79.1704,70.0059],[79.1166,69.9972],[79.1697,70.0227],[79.2391,70.0114],[79.2425,70.0208],[79.2001,70.033],[79.2206,70.0602],[79.284,70.0528],[79.3311,70.064],[79.3357,70.0453],[79.3695,70.0456],[79.3646,70.0682],[79.322,70.087],[79.3581,70.1074],[79.3234,70.1315],[79.3334,70.1496],[79.4236,70.1547],[79.4447,70.1418],[79.3993,70.1273],[79.5074,70.1118],[79.5496,70.117],[79.6513,70.1894],[79.6662,70.2328],[79.7908,70.2367],[79.7304,70.259],[79.7551,70.2757],[79.8277,70.283],[79.8695,70.264],[79.9073,70.2633],[80.0133,70.328],[80.1243,70.3425],[80.1383,70.3614],[80.0936,70.3759],[80.1094,70.3873],[80.1772,70.3764],[80.2169,70.3906],[80.2238,70.4005],[80.2083,70.4275],[80.2229,70.4357],[80.3341,70.4254],[80.3657,70.4508],[80.4142,70.4605],[80.6177,70.4539],[80.6611,70.4415],[80.6823,70.4194],[80.6834,70.4099],[80.6385,70.4044],[80.6445,70.3981],[80.7241,70.3899],[80.7401,70.3763],[80.8209,70.3792],[80.8276,70.3957],[80.7856,70.4081],[80.8587,70.41],[80.8845,70.4272],[80.8892,70.438],[80.8778,70.4395],[80.85,70.4397],[80.8268,70.4222],[80.812,70.425],[80.8194,70.4413],[80.7342,70.4372],[80.7039,70.4564],[80.7072,70.4785],[80.6361,70.4887],[80.6658,70.506],[80.6873,70.4985],[80.6964,70.5114],[80.7354,70.5131],[80.715,70.524],[80.7484,70.529],[80.7347,70.5335],[80.7577,70.543],[80.7223,70.5458],[80.7422,70.5571],[80.7147,70.5677],[80.772,70.5685],[80.7551,70.5723],[80.7939,70.5908],[80.7788,70.6021],[80.7945,70.6068],[80.7819,70.6155],[80.8085,70.6114],[80.7963,70.6172],[80.8218,70.6313],[80.7614,70.6685],[80.6761,70.6745],[80.6826,70.6835],[80.6399,70.6925],[80.6535,70.7039],[80.6412,70.7065],[80.6557,70.7278],[80.6478,70.7329],[80.7133,70.7825],[80.7031,70.7968],[80.7152,70.8095],[80.6387,70.8331],[80.584,71.0432],[79.997,71.1165],[79.4339,71.2961],[79.2202,71.3074],[79.1753,71.3328],[79.1287,71.3876],[79.3236,71.4636],[79.3717,71.5283],[79.3098,71.5721],[79.3211,71.5922],[79.3948,71.6125],[79.5148,71.5952],[79.5435,71.6066],[79.7124,71.6039],[79.7343,71.5904],[79.807,71.5943],[79.8239,71.5807],[79.8603,71.593],[79.8455,71.5964],[79.871,71.588],[79.9156,71.6084],[79.9622,71.6013],[79.9853,71.6178],[79.9565,71.6239],[80.0088,71.6363],[80.0086,71.6267],[80.0224,71.629],[80.0308,71.6399],[80.0208,71.6445],[80.0353,71.648],[80.0125,71.6533],[80.0603,71.6448],[80.1251,71.6695],[80.143,71.6646],[80.1307,71.6782],[80.1769,71.683],[80.115,71.6987],[80.1598,71.7069],[80.1248,71.7122],[80.1425,71.7225],[80.1078,71.7206],[80.1426,71.7354],[80.1014,71.734],[80.072,71.7506],[80.1278,71.746],[80.1453,71.7594],[80.1168,71.7692],[80.1229,71.7864],[80.091,71.7893],[80.1252,71.7974],[80.0934,71.7989],[80.1012,71.8067],[80.0373,71.7989],[80.061,71.8089],[80.0383,71.8141],[80.0734,71.8243],[80.0364,71.8294],[80.0964,71.8222],[80.1013,71.8303],[80.0814,71.8358],[80.1647,71.8366],[80.1875,71.8498],[80.1671,71.86],[80.1774,71.8649],[80.2043,71.8538],[80.2802,71.8612],[80.2462,71.8547],[80.2784,71.8464],[80.318,71.8575],[80.2961,71.8686],[80.3033,71.8743],[80.3222,71.8778],[80.3388,71.8633],[80.3795,71.8766],[80.2489,71.903],[80.2761,71.912],[80.2582,71.918],[80.2775,71.9238],[80.261,71.9344],[80.2349,71.9252],[80.2178,71.9397],[80.1868,71.9352],[80.2159,71.928],[80.2058,71.9234],[80.1546,71.946],[80.0871,71.9448],[80.1173,71.9529],[80.0922,71.9716],[80.0568,71.9673],[80.0717,71.9809],[80.016,71.9756],[80.0104,71.9865],[79.9703,71.9795],[79.9176,71.9932],[79.9078,71.9864],[79.9243,71.9766],[79.8966,71.9749],[79.9005,71.9841],[79.8766,71.9954],[79.8953,72.0056],[79.8835,72.0104],[79.8916,72.0185],[79.7898,72.0262],[79.8218,72.0322],[79.8139,72.0388],[79.6714,72.0524],[79.6377,72.0489],[79.635,72.0372],[79.5499,72.039],[79.5483,72.0284],[79.5224,72.0353],[79.5275,72.043],[79.4831,72.0399],[79.4834,72.0285],[79.4432,72.0412],[79.4279,72.0375],[79.4365,72.0297],[79.3924,72.0289],[79.4069,72.0508],[79.3663,72.0397],[79.3551,72.0464],[79.3599,72.0578],[79.2749,72.055],[79.2848,72.0645],[79.226,72.0631],[79.2103,72.0758],[79.1372,72.0567],[79.1291,72.0722],[79.0867,72.0733],[79.075,72.058],[79.0566,72.0858],[79.0136,72.0906],[79.0585,72.0947],[79.0549,72.1023],[78.9922,72.0905],[78.996,72.1067],[78.9637,72.1226],[78.8861,72.109],[78.8827,72.1175],[78.9144,72.1287],[78.777,72.1391],[78.7665,72.1576],[78.7254,72.1479],[78.7727,72.1666],[78.702,72.164],[78.6893,72.178],[78.6393,72.1671],[78.624,72.1731],[78.6427,72.188],[78.6363,72.1951],[78.5575,72.2007],[78.6491,72.2148],[78.6574,72.2217],[78.6469,72.2276],[78.5949,72.2307],[78.6587,72.2452],[78.602,72.2589],[78.6176,72.2802],[78.6121,72.2895],[78.5049,72.2943],[78.4247,72.3375],[78.4879,72.3594],[78.6499,72.4703],[78.0856,72.6695],[77.7647,73.0251],[77.7299,73.6395],[80.2042,73.7593],[81.7536,74.1737],[81.8823,74.2361],[82.0549,74.287],[82.3295,74.3309],[83.4909,74.5613],[83.4622,74.669],[83.5026,74.7225],[83.5748,74.7638],[83.6981,74.8041],[84.6204,75.01],[85.4477,75.3798],[85.6118,75.4297],[87.2187,75.7544],[87.371,75.8276],[87.655,75.8834],[88.0114,75.903],[88.9549,75.8944],[91.0285,76.2245],[91.2344,76.2439],[91.6742,76.2592],[93.1928,76.6814],[93.3238,76.7411],[93.8209,76.8895],[94.605,77.1026],[94.9793,77.1901],[95.3349,77.2427],[95.5429,77.2579],[95.7802,77.315],[95.9889,77.3491],[98.394,77.9371],[97.2422,78.1804],[97.0609,78.2354],[97.0019,78.2698],[96.9744,78.3058],[96.8667,78.6496],[96.5713,78.7107],[95.402,78.7999],[94.6598,78.8412],[92.7588,78.8622],[92.1642,78.8993],[91.7444,78.9494],[91.4215,79.0115],[90.5592,79.3189],[89.8951,79.3919],[89.5688,79.4654],[89.499,79.4973],[89.4572,79.5349],[89.456,79.5746],[89.4848,79.6048],[89.5891,79.6522],[90.0403,79.7854],[89.8736,80.0027],[89.8322,80.0409],[89.8374,80.0917],[89.908,80.1383],[90.3044,80.3019],[90.31,80.4164],[90.3413,80.4507],[90.4382,80.494],[91.5405,80.8493],[91.029,80.8357],[90.5557,80.8418],[89.7097,80.9005],[89.3431,80.9484],[89.0877,81.003],[88.9567,81.0516],[88.8933,81.0932],[88.8597,81.138],[88.863,81.1737],[88.8833,81.1971],[88.9613,81.2437],[89.1556,81.2993],[89.3476,81.3308],[90.1089,81.3945],[91.1285,81.426],[91.5817,81.4113],[92.1131,81.3662],[92.385,81.3338],[92.6204,81.2878],[94.3233,81.3963],[94.8738,81.4464],[95.6337,81.4742],[96.3408,81.4517],[96.6376,81.4219],[97.0617,81.3509],[97.3376,81.2821],[97.8887,81.0981],[99.1623,80.8468],[99.3049,80.7899],[99.4052,80.6923],[99.4072,80.6553],[99.345,80.6072],[98.7075,80.2971],[100.0764,80.1964],[100.2504,80.1668],[100.862,80.0018],[101.1493,79.8831],[101.2897,79.8066],[103.6762,79.5196],[104.0107,79.4378],[104.7322,79.2982],[105.2969,79.1534],[106.1415,78.9064],[106.2584,78.8605],[106.3685,78.7844],[106.406,78.738],[106.4128,78.6911],[106.4352,78.648],[107.3259,78.5201],[108.5772,78.2626],[108.7062,78.2014],[108.74,78.1691],[108.7486,78.1163],[108.7288,78.0842],[108.6314,78.0147],[108.4354,77.9436],[108.481,77.4479],[108.6187,77.3841],[108.9924,77.0956],[109.2369,77.0474]]],[[[82.4258,74.8825],[82.0323,74.8695],[81.666,74.909],[81.0969,75.0839],[80.8946,75.1864],[80.8511,75.2186],[80.8111,75.3119],[80.833,75.3975],[80.8689,75.4399],[81.0718,75.5341],[81.3214,75.6106],[81.741,75.6828],[81.2064,75.7486],[81.0035,75.795],[80.8748,75.8554],[80.8434,75.8888],[80.8358,75.9229],[80.8522,75.9569],[80.9553,76.0203],[81.1433,76.0827],[81.3608,76.1283],[81.6311,76.153],[81.9988,76.1505],[82.584,76.1867],[82.9315,76.1746],[83.6715,76.123],[83.8972,76.0773],[83.9806,76.048],[84.0408,76.0155],[84.0759,75.9809],[84.0949,75.9253],[84.0601,75.8746],[84.0141,75.8415],[83.8561,75.7835],[83.4956,75.7294],[82.9649,75.7184],[82.7129,75.6763],[82.9478,75.6162],[83.0504,75.5539],[83.0684,75.5203],[83.0635,75.4865],[83.0314,75.4506],[83.071,75.4294],[83.1308,75.3684],[83.1465,75.3336],[83.1381,75.2987],[83.0705,75.2378],[82.9653,75.186],[82.9624,75.1445],[82.9296,75.1072],[82.9389,75.0643],[82.9235,75.0316],[82.8877,75.0],[82.8325,74.9703],[82.6707,74.9199],[82.4258,74.8825]]],[[[87.8273,77.1248],[87.8834,77.1686],[87.9888,77.2165],[88.1526,77.2621],[88.3558,77.2971],[88.4521,77.3546],[88.5651,77.3966],[88.7519,77.4417],[88.9635,77.4734],[89.5202,77.5023],[90.0693,77.4709],[90.3068,77.5037],[90.5804,77.5199],[91.1039,77.5036],[90.996,77.5485],[90.9383,77.5967],[90.9197,77.6581],[90.9377,77.6904],[91.083,77.7645],[91.2229,77.8004],[91.4411,77.8341],[91.721,77.8547],[91.9912,77.8577],[92.4584,77.8231],[92.8777,77.7334],[92.9662,77.6958],[93.0098,77.6624],[93.0254,77.6278],[93.0128,77.5932],[92.9189,77.533],[92.707,77.4703],[92.5306,77.436],[92.3123,77.411],[91.9937,77.3975],[91.5445,77.419],[91.6414,77.3722],[91.6807,77.3286],[91.6747,77.2463],[91.6226,77.2009],[91.529,77.1608],[91.3715,77.1209],[91.0913,77.0844],[91.0692,77.0541],[91.0028,77.0126],[90.8591,76.9642],[90.6995,76.9315],[90.6669,76.9047],[90.5505,76.8553],[90.3594,76.811],[90.1236,76.7814],[89.74,76.769],[89.4052,76.7901],[88.9391,76.7752],[88.6564,76.7895],[88.412,76.8176],[88.1386,76.8734],[87.9312,76.9518],[87.8566,76.9974],[87.8177,77.0394],[87.8061,77.0778],[87.8273,77.1248]]],[[[74.9999,79.677],[75.0418,79.7206],[75.1872,79.7767],[75.3419,79.8123],[75.5872,79.8475],[76.098,79.8756],[76.5543,79.8638],[77.3432,79.7886],[78.3093,79.6556],[78.4789,79.6181],[78.591,79.5785],[78.6502,79.5405],[78.671,79.4962],[78.6283,79.4424],[78.4681,79.3772],[78.2942,79.3384],[77.9853,79.2997],[77.4714,79.2789],[76.5315,79.2919],[76.1363,79.3276],[75.4857,79.439],[75.2762,79.4964],[75.0771,79.5686],[74.9966,79.6286],[74.9869,79.6592],[74.9999,79.677]]],[[[77.589,80.7559],[77.5768,80.7928],[77.5879,80.8143],[77.6906,80.8911],[77.8238,80.9404],[77.9802,80.9764],[78.1892,81.0136],[78.5376,81.0524],[79.3496,81.1003],[79.968,81.0921],[80.9211,81.0114],[81.1048,80.982],[81.2876,80.9359],[81.3982,80.8841],[81.4267,80.8428],[81.3993,80.7954],[81.231,80.7167],[80.8662,80.635],[80.3673,80.5756],[79.8271,80.5499],[78.957,80.5465],[78.329,80.5781],[77.8324,80.6497],[77.6818,80.6943],[77.6237,80.7227],[77.589,80.7559]]],[[[80.1004,74.7367],[80.2533,74.6869],[80.341,74.6363],[80.3714,74.5973],[80.3632,74.5413],[80.2582,74.4421],[80.1936,74.4078],[80.0541,74.3641],[79.8078,74.3255],[79.3819,74.3186],[78.8766,74.3757],[78.6847,74.423],[78.5734,74.4664],[78.4863,74.5255],[78.4609,74.5881],[78.4688,74.6231],[78.506,74.6716],[78.6287,74.7416],[78.8123,74.7951],[79.0455,74.8286],[79.3329,74.8414],[79.5781,74.831],[79.7575,74.8082],[80.1004,74.7367]]],[[[82.442,77.2709],[81.9404,77.3],[81.751,77.3208],[81.5542,77.3602],[81.3753,77.4348],[81.3102,77.5047],[81.3054,77.5347],[81.3405,77.5763],[81.3963,77.6088],[81.5457,77.6616],[81.9742,77.7203],[82.435,77.7248],[82.7765,77.7054],[83.0661,77.6702],[83.4713,77.5584],[83.5456,77.5224],[83.5822,77.4859],[83.5881,77.4483],[83.5562,77.4093],[83.3974,77.3403],[83.2771,77.3143],[83.1299,77.2896],[82.7947,77.266],[82.442,77.2709]]],[[[92.6892,78.218],[92.7398,78.2584],[92.8244,78.2965],[93.1588,78.3778],[93.6029,78.419],[93.9878,78.4185],[94.4183,78.3767],[94.6667,78.3135],[94.7611,78.2551],[94.772,78.2347],[94.7673,78.1925],[94.7879,78.1395],[94.7635,78.1029],[94.6666,78.0512],[94.4072,77.9876],[94.0323,77.9489],[93.5895,77.9448],[93.1685,77.9815],[92.8831,78.0419],[92.7852,78.076],[92.7036,78.1289],[92.678,78.1647],[92.6892,78.218]]]]}},{"type":"Feature","id":1165299,"properties":{"id":"1165299","name":"ЗАТО Солнечный"},"geometry":{"type":"MultiPolygon","coordinates":[[[[89.8115,55.2888],[89.8196,55.2736],[89.8456,55.269],[89.8361,55.2907],[89.8115,55.2888]]]]}},{"type":"Feature","id":1454742,"properties":{"id":"1454742","name":"городской округ Норильск"},"geometry":{"type":"MultiPolygon","coordinates":[[[[87.2329,69.5123],[87.2876,69.5045],[87.4873,69.5343],[87.7029,69.5266],[87.7162,69.5145],[87.9933,69.4628],[87.9941,69.4761],[87.9724,69.4854],[87.9366,69.4838],[87.9637,69.5065],[87.9049,69.5278],[87.9314,69.5383],[87.952,69.5215],[87.988,69.5212],[87.9612,69.5454],[88.028,69.5633],[88.0356,69.5777],[88.1193,69.5826],[88.1295,69.5955],[88.8439,69.5629],[88.8818,69.5379],[88.8858,69.5097],[88.9309,69.4929],[88.9195,69.4677],[88.8073,69.4465],[88.7586,69.4239],[88.7667,69.4185],[88.7577,69.4042],[88.6985,69.399],[88.7135,69.3933],[88.6035,69.3447],[88.6401,69.3272],[88.7023,69.3342],[88.7155,69.3259],[88.74,69.3293],[88.7546,69.3545],[88.8383,69.3671],[88.8637,69.363],[88.851,69.3536],[88.9196,69.346],[88.9869,69.3599],[89.0344,69.3453],[89.0211,69.2135],[88.9653,69.1978],[88.8675,69.1951],[88.8713,69.1528],[88.9715,69.0631],[88.5672,68.9993],[88.5378,68.9794],[88.4737,68.9653],[88.0721,68.9749],[87.9637,69.0008],[87.8901,69.0303],[87.8676,69.0739],[87.8946,69.0792],[87.7863,69.1297],[87.5926,69.1358],[87.4819,69.1239],[87.473,69.0926],[87.3657,69.0478],[87.2293,69.0561],[87.118,69.0208],[86.9627,69.0471],[86.9205,69.0904],[86.952,69.1563],[86.9071,69.2067],[86.8766,69.2227],[86.7922,69.2156],[86.7917,69.3426],[86.8016,69.3489],[86.762,69.3686],[86.7886,69.3892],[86.9385,69.4466],[86.9798,69.4428],[87.0175,69.4727],[87.0686,69.4869],[87.1665,69.4869],[87.2329,69.5123]]],[[[87.6899,68.0908],[87.7764,68.0991],[87.7757,68.1184],[87.749,68.1237],[87.7498,68.1347],[87.7611,68.1232],[87.8118,68.1193],[87.8075,68.1078],[87.8383,68.1108],[87.7806,68.0874],[87.7797,68.0674],[87.7645,68.0833],[87.6899,68.0908]]]]}},{"type":"Feature","id":1547051,"properties":{"id":"1547051","name":"ЗАТО Зеленогорск"},"geometry":{"type":"MultiPolygon","coordinates":[[[[94.4343,56.1698],[94.585,56.1229],[94.6077,56.156],[94.6018,56.1258],[94.6327,56.1255],[94.6385,56.1398],[94.689,56.1332],[94.7134,56.1104],[94.705,56.1069],[94.7344,56.0999],[94.7376,56.0688],[94.6532,56.073],[94.6794,56.0619],[94.6646,56.0572],[94.6663,56.0419],[94.639,56.0361],[94.5313,56.0596],[94.4909,56.0875],[94.4332,56.0835],[94.444,56.1015],[94.419,56.1092],[94.4343,56.1698]]],[[[94.7943,56.0565],[94.7571,56.0679],[94.8143,56.083],[94.857,56.0729],[94.8345,56.0531],[94.8024,56.0687],[94.7943,56.0565]]]]}},{"type":"Feature","id":191279,"properties":{"id":"191279","name":"Енисейский муниципальный округ"},"geometry":{"type":"MultiPolygon","coordinates":[[[[91.2639,57.6246],[91.2631,57.6444],[91.243,57.6389],[91.2342,57.6519],[91.21,57.6523],[91.2078,57.6784],[91.1856,57.6855],[91.2038,57.6897],[91.1829,57.7132],[91.2001,57.7255],[91.1805,57.7302],[91.2038,57.7477],[91.1953,57.7609],[91.2139,57.782],[91.2053,57.7916],[91.2238,57.8038],[91.209,57.8066],[91.2044,57.8234],[91.2546,57.8429],[91.2518,57.862],[91.2248,57.8637],[91.2314,57.8783],[91.3075,57.8857],[91.3821,57.8585],[91.3807,57.8471],[91.4049,57.8373],[91.4262,57.8483],[91.4302,57.8318],[91.4624,57.8408],[91.4427,57.8263],[91.4657,57.8138],[91.501,57.8188],[91.5278,57.8076],[91.5953,57.8265],[91.6021,57.8496],[91.8072,57.8516],[91.8658,57.868],[91.9353,57.8627],[92.0333,57.9349],[92.086,57.9406],[92.0979,57.957],[92.1321,57.9676],[92.1547,57.9428],[92.1831,57.9421],[92.1806,57.9552],[92.203,57.9552],[92.2252,57.9772],[92.3791,58.0249],[92.4156,58.0047],[92.4699,58.0044],[92.5822,57.979],[92.5878,57.9336],[92.5481,57.925],[92.6037,57.8746],[92.5959,57.8588],[92.6175,57.8588],[92.6144,57.8486],[92.6397,57.8349],[92.7445,57.8545],[92.754,57.8715],[92.8891,57.8664],[92.9029,57.8538],[92.9997,57.8603],[93.1569,57.8332],[93.193,57.8579],[93.2432,57.8671],[93.1746,57.9363],[93.1704,57.9638],[93.2136,58.0059],[93.2391,58.0043],[93.2841,58.0369],[93.2372,58.0414],[93.237,58.0634],[93.1454,58.1056],[93.145,58.1217],[93.1883,58.1502],[93.3444,58.1864],[93.3223,58.2063],[93.2319,58.3863],[93.0935,58.4941],[93.0604,58.4751],[93.0066,58.5398],[92.9692,58.5519],[92.9462,58.6273],[92.8908,58.7107],[92.8532,58.702],[92.8373,58.6763],[92.7829,58.6727],[92.7024,58.6949],[92.6583,58.6744],[92.6357,58.6827],[92.5587,58.6666],[92.484,58.6784],[92.3904,58.6705],[92.3366,58.6876],[92.192,58.9445],[92.1625,59.0122],[92.1528,59.1301],[92.0949,59.2123],[92.057,59.2442],[91.8124,59.3526],[91.6403,59.3981],[91.2745,59.7153],[91.2999,59.7256],[91.3127,59.7702],[91.274,59.8132],[91.2769,59.8296],[91.2974,59.8401],[91.2875,59.8514],[91.3049,59.8686],[91.3138,59.9099],[91.2344,59.9673],[91.1762,59.9742],[91.1913,60.0164],[91.2263,60.0412],[91.2101,60.0579],[91.2714,60.1071],[91.2758,60.1379],[91.343,60.1585],[91.3457,60.1735],[91.394,60.2019],[91.3991,60.2108],[91.3805,60.2274],[91.4443,60.2687],[91.4297,60.2983],[91.4832,60.3625],[91.4706,60.3642],[91.4841,60.3805],[91.4524,60.4173],[91.4887,60.4196],[91.4876,60.4327],[91.5038,60.4376],[91.5555,60.4257],[91.5913,60.4385],[91.6122,60.4744],[91.5814,60.4841],[91.6309,60.4926],[91.68,60.5483],[91.7491,60.579],[91.7382,60.6163],[91.7201,60.63],[91.8187,60.6598],[91.8423,60.7021],[91.8924,60.7115],[91.8846,60.7268],[91.9511,60.7544],[90.9463,60.7509],[89.8673,60.8122],[88.9534,60.7509],[88.1868,61.3521],[88.1021,61.3412],[88.1113,61.3351],[88.0952,61.3247],[88.0004,61.3409],[88.0156,61.3365],[87.963,61.3195],[87.9823,61.3336],[87.8709,61.3332],[87.8558,61.339],[87.8727,61.3476],[87.8153,61.3539],[87.8239,61.3728],[87.7931,61.3634],[87.7653,61.3711],[87.7753,61.3676],[87.7674,61.3598],[87.7321,61.3507],[87.7454,61.346],[87.7098,61.3501],[87.7099,61.3405],[87.6469,61.3264],[87.6697,61.3266],[87.6569,61.3132],[87.673,61.3001],[87.6883,61.3117],[87.7079,61.2995],[87.6809,61.2895],[87.692,61.2878],[87.6793,61.2811],[87.6888,61.2704],[87.6408,61.2726],[87.6497,61.2617],[87.6256,61.2491],[87.6422,61.2466],[87.6352,61.2391],[87.5729,61.2344],[87.5836,61.2298],[87.5521,61.2138],[87.5474,61.231],[87.529,61.2309],[87.5382,61.2384],[87.5254,61.249],[87.4778,61.2692],[87.5004,61.2726],[87.4816,61.277],[87.4916,61.278],[87.4926,61.2979],[87.5219,61.2991],[87.4852,61.3109],[87.4692,61.3451],[87.3444,61.3656],[87.2464,61.3584],[87.274,61.3647],[87.2606,61.3719],[87.2654,61.3819],[87.1089,61.4181],[87.1136,61.4288],[86.9852,61.4677],[86.9412,61.455],[86.9494,61.4327],[86.9846,61.4099],[86.9729,61.3929],[86.9859,61.3761],[86.9601,61.3572],[86.9205,61.344],[86.8369,61.3429],[86.7739,61.3216],[86.6408,61.3141],[86.6045,61.3155],[86.5345,61.3457],[86.5113,61.4102],[86.438,61.4174],[86.3263,61.4585],[86.2732,61.4374],[86.2089,61.3785],[86.1746,61.3728],[86.1267,61.38],[86.0496,61.4347],[85.9911,61.4536],[85.7982,61.4541],[85.6407,61.3671],[85.7005,61.3164],[85.6966,61.2838],[84.7351,61.0143],[84.6539,61.0035],[84.2613,60.8595],[84.2939,60.8089],[84.3529,60.8016],[84.7915,60.3524],[84.7747,60.3275],[84.7433,60.3255],[84.7465,60.3124],[84.713,60.2999],[84.7304,60.2967],[84.7252,60.2885],[84.7444,60.2711],[84.7383,60.2518],[84.677,60.2204],[84.6137,60.1655],[84.6334,60.0298],[84.5968,60.0164],[84.5744,59.9728],[84.6817,59.8995],[85.4995,59.883],[86.0189,59.9486],[86.6365,59.9487],[87.0781,59.8791],[87.1741,59.6825],[87.5142,59.6644],[87.9022,59.2562],[88.6265,59.2951],[88.5758,59.2122],[88.8287,59.0226],[88.3838,58.8939],[87.924,58.5114],[88.017,58.2143],[88.0699,58.2201],[88.1067,58.1128],[88.6873,58.0362],[88.8589,57.9552],[89.2974,57.9491],[89.3033,57.9377],[89.2938,57.9305],[89.3531,57.9132],[89.3528,57.8876],[89.3745,57.8646],[89.3583,57.8571],[89.3708,57.847],[89.3576,57.827],[89.3411,57.8222],[89.3636,57.8023],[89.343,57.7933],[89.3591,57.7539],[89.7497,57.8184],[90.479,57.9784],[90.502,57.966],[90.4893,57.9512],[90.5208,57.9507],[90.5172,57.9283],[90.5632,57.9149],[90.5293,57.9027],[90.5168,57.8836],[90.4963,57.883],[90.5101,57.8583],[90.4952,57.8399],[90.5196,57.8318],[90.4883,57.8226],[90.5017,57.7921],[90.4734,57.7848],[90.4839,57.7817],[90.4772,57.7665],[90.4946,57.7591],[90.4885,57.7508],[90.5173,57.7462],[90.4979,57.7381],[90.5155,57.7146],[90.5071,57.7008],[90.5499,57.6775],[90.5363,57.6651],[90.5433,57.6584],[90.5272,57.6544],[90.5455,57.6395],[90.582,57.6464],[90.6392,57.6154],[90.6349,57.6806],[90.8758,57.6755],[90.8928,57.6538],[91.0208,57.6361],[91.0021,57.595],[91.0902,57.5607],[91.2116,57.5945],[91.2639,57.6246]]]]}}]}